gamingresort,casinocode,departingat,arrivingat,departingairport
HARRAH'S ATLANTIC CITY NJ,ATL,03/03/23,03/06/23,BOS
HARRAH'S ATLANTIC CITY NJ,ATL,03/06/23,03/09/23,GSO
HARRAH'S ATLANTIC CITY NJ,ATL,03/09/23,03/12/23,SAV
HARRAH'S ATLANTIC CITY NJ,ATL,03/09/23,03/12/23,AVL
HARRAH'S ATLANTIC CITY NJ,ATL,03/09/23,03/12/23,RSW
HARRAH'S ATLANTIC CITY NJ,ATL,03/12/23,03/15/23,BHM
HARRAH'S ATLANTIC CITY NJ,ATL,03/15/23,03/18/23,CAE
HARRAH'S ATLANTIC CITY NJ,ATL,03/18/23,03/21/23,SFB
HARRAH'S ATLANTIC CITY NJ,ATL,03/21/23,03/24/23,CHA
HARRAH'S ATLANTIC CITY NJ,ATL,03/23/23,03/26/23,FAY
HARRAH'S ATLANTIC CITY NJ,ATL,03/23/23,03/26/23,OAJ
HARRAH'S ATLANTIC CITY NJ,ATL,03/24/23,03/27/23,RIC
HARRAH'S ATLANTIC CITY NJ,ATL,03/24/23,03/27/23,ORF
HARRAH'S ATLANTIC CITY NJ,ATL,03/27/23,03/30/23,CLE
HARRAH'S ATLANTIC CITY NJ,ATL,04/03/23,04/06/23,SFB
HARRAH'S ATLANTIC CITY NJ,ATL,04/04/23,04/07/23,ALB
HARRAH'S ATLANTIC CITY NJ,ATL,04/04/23,04/07/23,BDL
HARRAH'S ATLANTIC CITY NJ,ATL,04/06/23,04/09/23,PGV
HARRAH'S ATLANTIC CITY NJ,ATL,04/08/23,04/11/23,DAY
HARRAH'S ATLANTIC CITY NJ,ATL,04/09/23,04/12/23,ROC
HARRAH'S ATLANTIC CITY NJ,ATL,04/09/23,04/12/23,SYR
HARRAH'S ATLANTIC CITY NJ,ATL,04/10/23,04/13/23,AVL
HARRAH'S ATLANTIC CITY NJ,ATL,04/12/23,04/15/23,RIC
HARRAH'S ATLANTIC CITY NJ,ATL,04/12/23,04/15/23,ORF
HARRAH'S ATLANTIC CITY NJ,ATL,04/14/23,04/17/23,MSY
HARRAH'S ATLANTIC CITY NJ,ATL,04/15/23,04/18/23,SAV
HARRAH'S ATLANTIC CITY NJ,ATL,04/16/23,04/19/23,TRI
HARRAH'S ATLANTIC CITY NJ,ATL,04/18/23,04/18/23,ILM
HARRAH'S ATLANTIC CITY NJ,ATL,04/18/23,04/21/23,BHM
HARRAH'S ATLANTIC CITY NJ,ATL,04/20/23,04/23/23,GSO
HARRAH'S ATLANTIC CITY NJ,ATL,04/21/23,04/24/23,RDU
HARRAH'S ATLANTIC CITY NJ,ATL,04/22/23,04/25/23,CRW
HARRAH'S ATLANTIC CITY NJ,ATL,04/22/23,04/25/23,ROA
HARRAH'S ATLANTIC CITY NJ,ATL,04/24/23,04/27/23,PIT
HARRAH'S ATLANTIC CITY NJ,ATL,04/26/23,04/29/23,DTW
HARRAH'S ATLANTIC CITY NJ,ATL,04/27/23,04/30/23,MCN
HARRAH'S ATLANTIC CITY NJ,ATL,04/27/23,04/30/23,AGS
HARRAH'S ATLANTIC CITY NJ,ATL,05/01/23,05/04/23,GSP
HARRAH'S ATLANTIC CITY NJ,ATL,05/02/23,05/05/23,BUF
HARRAH'S ATLANTIC CITY NJ,ATL,05/03/23,05/06/23,IND
HARRAH'S ATLANTIC CITY NJ,ATL,05/04/23,05/07/23,BOS
HARRAH'S ATLANTIC CITY NJ,ATL,05/05/23,05/08/23,BWI
HARRAH'S ATLANTIC CITY NJ,ATL,05/06/23,05/09/23,DAY
HARRAH'S ATLANTIC CITY NJ,ATL,05/07/23,05/10/23,LBE
HARRAH'S ATLANTIC CITY NJ,ATL,05/08/23,05/11/23,CLT
HARRAH'S ATLANTIC CITY NJ,ATL,05/09/23,05/12/23,RIC
HARRAH'S ATLANTIC CITY NJ,ATL,05/09/23,05/12/23,ORF
HARRAH'S ATLANTIC CITY NJ,ATL,05/10/23,05/13/23,ROC
HARRAH'S ATLANTIC CITY NJ,ATL,05/10/23,05/13/23,SYR
HARRAH'S ATLANTIC CITY NJ,ATL,05/13/23,05/16/23,PGV
HARRAH'S ATLANTIC CITY NJ,ATL,05/16/23,05/19/23,CAE
HARRAH'S ATLANTIC CITY NJ,ATL,05/18/23,05/21/23,TOL
HARRAH'S ATLANTIC CITY NJ,ATL,05/19/23,05/22/23,BNA
HARRAH'S ATLANTIC CITY NJ,ATL,05/21/23,05/24/23,CLE
HARRAH'S ATLANTIC CITY NJ,ATL,05/22/23,05/25/23,CMH
HARRAH'S ATLANTIC CITY NJ,ATL,05/23/23,05/23/23,CVG
HARRAH'S ATLANTIC CITY NJ,ATL,05/23/23,05/26/23,ALB
HARRAH'S ATLANTIC CITY NJ,ATL,05/23/23,05/26/23,BDL
HARRAH'S ATLANTIC CITY NJ,ATL,05/24/23,05/27/23,IND
HARRAH'S ATLANTIC CITY NJ,ATL,05/27/23,05/30/23,MKE
HARRAH'S GULF COAST BILOXI MS,GBI,02/22/23,02/25/23,EWR
HARRAH'S GULF COAST BILOXI MS,GBI,02/25/23,02/28/23,TPA
HARRAH'S GULF COAST BILOXI MS,GBI,02/27/23,03/02/23,GSP
HARRAH'S GULF COAST BILOXI MS,GBI,03/01/23,03/04/23,CRP
HARRAH'S GULF COAST BILOXI MS,GBI,03/04/23,03/07/23,IAH
HARRAH'S GULF COAST BILOXI MS,GBI,03/07/23,03/10/23,SPS
HARRAH'S GULF COAST BILOXI MS,GBI,03/07/23,03/10/23,LIT
HARRAH'S GULF COAST BILOXI MS,GBI,03/08/23,03/11/23,DAY
HARRAH'S GULF COAST BILOXI MS,GBI,03/10/23,03/13/23,BNA
HARRAH'S GULF COAST BILOXI MS,GBI,03/13/23,03/16/23,CRW
HARRAH'S GULF COAST BILOXI MS,GBI,03/13/23,03/16/23,ROA
HARRAH'S GULF COAST BILOXI MS,GBI,03/14/23,03/17/23,GRB
HARRAH'S GULF COAST BILOXI MS,GBI,03/16/23,03/19/23,LEX
HARRAH'S GULF COAST BILOXI MS,GBI,03/22/23,03/25/23,AGS
HARRAH'S GULF COAST BILOXI MS,GBI,03/22/23,03/25/23,MCN
HARRAH'S GULF COAST BILOXI MS,GBI,03/23/23,03/26/23,DFW
HARRAH'S GULF COAST BILOXI MS,GBI,03/25/23,03/28/23,BUF
HARRAH'S GULF COAST BILOXI MS,GBI,03/26/23,03/29/23,RDU
HARRAH'S GULF COAST BILOXI MS,GBI,03/28/23,03/31/23,LBE
HARRAH'S GULF COAST BILOXI MS,GBI,03/30/23,04/02/23,GSP
HARRAH'S GULF COAST BILOXI MS,GBI,04/01/23,04/04/23,ABE
HARRAH'S GULF COAST BILOXI MS,GBI,04/02/23,04/05/23,GSO
HARRAH'S GULF COAST BILOXI MS,GBI,04/04/23,04/07/23,EWR
HARRAH'S GULF COAST BILOXI MS,GBI,04/05/23,04/08/23,SDF
HARRAH'S GULF COAST BILOXI MS,GBI,04/07/23,04/10/23,PVD
HARRAH'S GULF COAST BILOXI MS,GBI,04/08/23,04/11/23,TUL
HARRAH'S GULF COAST BILOXI MS,GBI,04/08/23,04/11/23,XNA
HARRAH'S GULF COAST BILOXI MS,GBI,04/10/23,04/13/23,BWI
HARRAH'S GULF COAST BILOXI MS,GBI,04/13/23,04/16/23,JAX
HARRAH'S GULF COAST BILOXI MS,GBI,04/14/23,04/14/23,CRP
HARRAH'S GULF COAST BILOXI MS,GBI,04/14/23,04/17/23,AUS
HARRAH'S GULF COAST BILOXI MS,GBI,04/16/23,04/19/23,MLB
HARRAH'S GULF COAST BILOXI MS,GBI,04/16/23,04/19/23,PBI
HARRAH'S GULF COAST BILOXI MS,GBI,04/17/23,04/20/23,AMA
HARRAH'S GULF COAST BILOXI MS,GBI,04/17/23,04/20/23,ABI
HARRAH'S GULF COAST BILOXI MS,GBI,04/19/23,04/22/23,MEM
HARRAH'S GULF COAST BILOXI MS,GBI,04/20/23,04/23/23,MCI
HARRAH'S GULF COAST BILOXI MS,GBI,04/22/23,04/25/23,SFB
HARRAH'S GULF COAST BILOXI MS,GBI,04/23/23,04/26/23,CLE
HARRAH'S GULF COAST BILOXI MS,GBI,04/25/23,04/28/23,CAE
HARRAH'S GULF COAST BILOXI MS,GBI,04/26/23,04/29/23,RIC
HARRAH'S GULF COAST BILOXI MS,GBI,04/26/23,04/29/23,ORF
HARRAH'S GULF COAST BILOXI MS,GBI,04/28/23,05/01/23,DFW
HARRAH'S GULF COAST BILOXI MS,GBI,04/29/23,05/02/23,PHL
HARRAH'S GULF COAST BILOXI MS,GBI,05/01/23,05/04/23,IAH
HARRAH'S GULF COAST BILOXI MS,GBI,05/03/23,05/06/23,GSO
HARRAH'S GULF COAST BILOXI MS,GBI,05/04/23,05/07/23,BNA
HARRAH'S GULF COAST BILOXI MS,GBI,05/06/23,05/09/23,SDF
HARRAH'S GULF COAST BILOXI MS,GBI,05/07/23,05/10/23,RDU
HARRAH'S GULF COAST BILOXI MS,GBI,05/09/23,05/12/23,TPA
HARRAH'S GULF COAST BILOXI MS,GBI,05/10/23,05/13/23,AVL
HARRAH'S GULF COAST BILOXI MS,GBI,05/12/23,05/15/23,BMI
HARRAH'S GULF COAST BILOXI MS,GBI,05/13/23,05/16/23,TRI
HARRAH'S GULF COAST BILOXI MS,GBI,05/15/23,05/18/23,EWR
HARRAH'S GULF COAST BILOXI MS,GBI,05/16/23,05/19/23,TYS
HARRAH'S GULF COAST BILOXI MS,GBI,05/18/23,05/21/23,PIT
HARRAH'S GULF COAST BILOXI MS,GBI,05/19/23,05/22/23,GSP
HARRAH'S GULF COAST BILOXI MS,GBI,05/21/23,05/24/23,STL
HARRAH'S GULF COAST BILOXI MS,GBI,05/22/23,05/25/23,MYR
HARRAH'S GULF COAST BILOXI MS,GBI,05/22/23,05/25/23,CHS
HARRAH'S GULF COAST BILOXI MS,GBI,05/24/23,05/27/23,CRW
HARRAH'S GULF COAST BILOXI MS,GBI,05/24/23,05/27/23,ROA
HARRAH'S GULF COAST BILOXI MS,GBI,05/25/23,05/28/23,OAJ
HARRAH'S GULF COAST BILOXI MS,GBI,05/25/23,05/28/23,SAV
HARRAH'S GULF COAST BILOXI MS,GBI,05/28/23,05/31/23,RIC
HARRAH'S GULF COAST BILOXI MS,GBI,05/28/23,05/31/23,ORF
HARVEYS LAKE TAHOE NV,HLT,02/22/23,02/27/23,JFK
HARVEYS LAKE TAHOE NV,HLT,02/22/23,02/27/23,SDF
HARVEYS LAKE TAHOE NV,HLT,02/22/23,02/27/23,TPA
HARVEYS LAKE TAHOE NV,HLT,02/23/23,02/28/23,ATL
HARVEYS LAKE TAHOE NV,HLT,02/23/23,02/28/23,BUF
HARVEYS LAKE TAHOE NV,HLT,02/23/23,02/28/23,CLT
HARVEYS LAKE TAHOE NV,HLT,02/24/23,02/27/23,DEN
HARVEYS LAKE TAHOE NV,HLT,02/26/23,03/03/23,MSY
HARVEYS LAKE TAHOE NV,HLT,02/26/23,03/03/23,RDU
HARVEYS LAKE TAHOE NV,HLT,02/26/23,03/03/23,STL
HARVEYS LAKE TAHOE NV,HLT,02/27/23,03/03/23,SAT
HARVEYS LAKE TAHOE NV,HLT,02/27/23,03/04/23,DTW
HARVEYS LAKE TAHOE NV,HLT,02/28/23,03/05/23,EWR
HARVEYS LAKE TAHOE NV,HLT,03/01/23,03/06/23,BHM
HARVEYS LAKE TAHOE NV,HLT,03/01/23,03/06/23,BWI
HARVEYS LAKE TAHOE NV,HLT,03/01/23,03/06/23,CLE
HARVEYS LAKE TAHOE NV,HLT,03/01/23,03/06/23,IND
HARVEYS LAKE TAHOE NV,HLT,03/01/23,03/06/23,MCI
HARVEYS LAKE TAHOE NV,HLT,03/02/23,03/06/23,AUS
HARVEYS LAKE TAHOE NV,HLT,03/02/23,03/07/23,CLT
HARVEYS LAKE TAHOE NV,HLT,03/02/23,03/07/23,JFK
HARVEYS LAKE TAHOE NV,HLT,03/02/23,03/07/23,MCO
HARVEYS LAKE TAHOE NV,HLT,03/02/23,03/07/23,ORD
HARVEYS LAKE TAHOE NV,HLT,03/02/23,03/07/23,PHL
HARVEYS LAKE TAHOE NV,HLT,03/03/23,03/07/23,SHV
HARVEYS LAKE TAHOE NV,HLT,03/03/23,03/07/23,COS
HARVEYS LAKE TAHOE NV,HLT,03/03/23,03/07/23,DFW
HARVEYS LAKE TAHOE NV,HLT,03/03/23,03/07/23,IAH
HARVEYS LAKE TAHOE NV,HLT,03/03/23,03/07/23,OKC
HARVEYS LAKE TAHOE NV,HLT,03/04/23,03/09/23,ATL
HARVEYS LAKE TAHOE NV,HLT,03/05/23,03/09/23,BLI
HARVEYS LAKE TAHOE NV,HLT,03/07/23,03/11/23,HRL
HARVEYS LAKE TAHOE NV,HLT,03/08/23,03/13/23,EWR
HARVEYS LAKE TAHOE NV,HLT,03/09/23,03/14/23,BOS
HARVEYS LAKE TAHOE NV,HLT,03/09/23,03/13/23,OMA
HARVEYS LAKE TAHOE NV,HLT,03/09/23,03/13/23,SAT
HARVEYS LAKE TAHOE NV,HLT,03/10/23,03/13/23,DEN
HARVEYS LAKE TAHOE NV,HLT,03/10/23,03/15/23,MSY
HARVEYS LAKE TAHOE NV,HLT,03/10/23,03/12/23,PHX
HARVEYS LAKE TAHOE NV,HLT,03/11/23,03/15/23,ACT
HARVEYS LAKE TAHOE NV,HLT,03/11/23,03/15/23,ABI
HARVEYS LAKE TAHOE NV,HLT,03/12/23,03/16/23,DFW
HARVEYS LAKE TAHOE NV,HLT,03/13/23,03/17/23,SAN
HARVEYS LAKE TAHOE NV,HLT,03/13/23,03/17/23,PSP
HARVEYS LAKE TAHOE NV,HLT,03/15/23,03/19/23,AUS
HARVEYS LAKE TAHOE NV,HLT,03/15/23,03/20/23,BWI
HARVEYS LAKE TAHOE NV,HLT,03/15/23,03/20/23,STL
HARVEYS LAKE TAHOE NV,HLT,03/16/23,03/21/23,ATL
HARVEYS LAKE TAHOE NV,HLT,03/16/23,03/21/23,BNA
HARVEYS LAKE TAHOE NV,HLT,03/16/23,03/21/23,DTW
HARVEYS LAKE TAHOE NV,HLT,03/16/23,03/21/23,PIT
HARVEYS LAKE TAHOE NV,HLT,03/17/23,03/21/23,DFW
HARVEYS LAKE TAHOE NV,HLT,03/17/23,03/21/23,IAH
HARVEYS LAKE TAHOE NV,HLT,03/17/23,03/22/23,ORD
HARVEYS LAKE TAHOE NV,HLT,03/17/23,03/22/23,TPA
HARVEYS LAKE TAHOE NV,HLT,03/18/23,03/22/23,AUS
HARVEYS LAKE TAHOE NV,HLT,03/19/23,03/23/23,BFM
HARVEYS LAKE TAHOE NV,HLT,03/19/23,03/23/23,CHA
HARVEYS LAKE TAHOE NV,HLT,03/21/23,03/26/23,MCO
HARVEYS LAKE TAHOE NV,HLT,03/22/23,03/27/23,CLT
HARVEYS LAKE TAHOE NV,HLT,03/22/23,03/27/23,EWR
HARVEYS LAKE TAHOE NV,HLT,03/22/23,03/27/23,JFK
HARVEYS LAKE TAHOE NV,HLT,03/22/23,03/27/23,RDU
HARVEYS LAKE TAHOE NV,HLT,03/23/23,03/27/23,MCI
HARVEYS LAKE TAHOE NV,HLT,03/23/23,03/28/23,ATL
HARVEYS LAKE TAHOE NV,HLT,03/24/23,03/27/23,DEN
HARVEYS LAKE TAHOE NV,HLT,03/24/23,03/28/23,OMA
HARVEYS LAKE TAHOE NV,HLT,03/24/23,03/26/23,PHX
HARVEYS LAKE TAHOE NV,HLT,03/24/23,03/26/23,SAN
HARVEYS LAKE TAHOE NV,HLT,03/24/23,03/26/23,SJC
HARVEYS LAKE TAHOE NV,HLT,03/25/23,03/30/23,BWI
HARVEYS LAKE TAHOE NV,HLT,03/25/23,03/29/23,DFW
HARVEYS LAKE TAHOE NV,HLT,03/25/23,03/29/23,IAH
HARVEYS LAKE TAHOE NV,HLT,03/25/23,03/30/23,MCI
HARVEYS LAKE TAHOE NV,HLT,03/27/23,03/31/23,DEN
HARVEYS LAKE TAHOE NV,HLT,03/28/23,04/02/23,ORD
HARVEYS LAKE TAHOE NV,HLT,03/31/23,04/04/23,AMA
HARVEYS LAKE TAHOE NV,HLT,03/31/23,04/04/23,ABQ
HARVEYS LAKE TAHOE NV,HLT,04/04/23,04/08/23,SHV
HARVEYS LAKE TAHOE NV,HLT,04/04/23,04/08/23,GCK
HARVEYS LAKE TAHOE NV,HLT,04/04/23,04/09/23,EWR
HARVEYS LAKE TAHOE NV,HLT,04/04/23,04/09/23,JFK
HARVEYS LAKE TAHOE NV,HLT,04/04/23,04/09/23,MSY
HARVEYS LAKE TAHOE NV,HLT,04/05/23,04/10/23,BWI
HARVEYS LAKE TAHOE NV,HLT,04/05/23,04/09/23,DFW
HARVEYS LAKE TAHOE NV,HLT,04/06/23,04/10/23,IAH
HARVEYS LAKE TAHOE NV,HLT,04/06/23,04/11/23,ATL
HARVEYS LAKE TAHOE NV,HLT,04/06/23,04/11/23,CLE
HARVEYS LAKE TAHOE NV,HLT,04/06/23,04/11/23,CLT
HARVEYS LAKE TAHOE NV,HLT,04/06/23,04/10/23,IAH
HARVEYS LAKE TAHOE NV,HLT,04/06/23,04/11/23,IND
HARVEYS LAKE TAHOE NV,HLT,04/06/23,04/09/23,LGB
HARVEYS LAKE TAHOE NV,HLT,04/07/23,04/11/23,AUS
HARVEYS LAKE TAHOE NV,HLT,04/07/23,04/12/23,BNA
HARVEYS LAKE TAHOE NV,HLT,04/07/23,04/10/23,DEN
HARVEYS LAKE TAHOE NV,HLT,04/07/23,04/10/23,GEG
HARVEYS LAKE TAHOE NV,HLT,04/07/23,04/09/23,LAS
HARVEYS LAKE TAHOE NV,HLT,04/07/23,04/09/23,LAX
HARVEYS LAKE TAHOE NV,HLT,04/07/23,04/12/23,MCI
HARVEYS LAKE TAHOE NV,HLT,04/07/23,04/10/23,OAK
HARVEYS LAKE TAHOE NV,HLT,04/07/23,04/11/23,OMA
HARVEYS LAKE TAHOE NV,HLT,04/07/23,04/09/23,PHX
HARVEYS LAKE TAHOE NV,HLT,04/07/23,04/12/23,PIT
HARVEYS LAKE TAHOE NV,HLT,04/07/23,04/09/23,SAN
HARVEYS LAKE TAHOE NV,HLT,04/07/23,04/11/23,SAT
HARVEYS LAKE TAHOE NV,HLT,04/07/23,04/09/23,SEA
HARVEYS LAKE TAHOE NV,HLT,04/07/23,04/09/23,SJC
HARVEYS LAKE TAHOE NV,HLT,04/08/23,04/12/23,SBN
HARVEYS LAKE TAHOE NV,HLT,04/08/23,04/12/23,FWA
HARVEYS LAKE TAHOE NV,HLT,04/08/23,04/13/23,BHM
HARVEYS LAKE TAHOE NV,HLT,04/09/23,04/14/23,DTW
HARVEYS LAKE TAHOE NV,HLT,04/09/23,04/13/23,OKC
HARVEYS LAKE TAHOE NV,HLT,04/10/23,04/14/23,DFW
HARVEYS LAKE TAHOE NV,HLT,04/12/23,04/16/23,GRB
HARVEYS LAKE TAHOE NV,HLT,04/12/23,04/17/23,BOS
HARVEYS LAKE TAHOE NV,HLT,04/12/23,04/17/23,MCI
HARVEYS LAKE TAHOE NV,HLT,04/13/23,04/18/23,ATL
HARVEYS LAKE TAHOE NV,HLT,04/13/23,04/18/23,BNA
HARVEYS LAKE TAHOE NV,HLT,04/13/23,04/18/23,BWI
HARVEYS LAKE TAHOE NV,HLT,04/13/23,04/18/23,IND
HARVEYS LAKE TAHOE NV,HLT,04/13/23,04/18/23,MCO
HARVEYS LAKE TAHOE NV,HLT,04/13/23,04/18/23,ORD
HARVEYS LAKE TAHOE NV,HLT,04/13/23,04/18/23,PIT
HARVEYS LAKE TAHOE NV,HLT,04/13/23,04/18/23,RDU
HARVEYS LAKE TAHOE NV,HLT,04/13/23,04/16/23,SJC
HARVEYS LAKE TAHOE NV,HLT,04/13/23,04/18/23,TPA
HARVEYS LAKE TAHOE NV,HLT,04/14/23,04/18/23,AUS
HARVEYS LAKE TAHOE NV,HLT,04/14/23,04/17/23,DEN
HARVEYS LAKE TAHOE NV,HLT,04/14/23,04/18/23,ELP
HARVEYS LAKE TAHOE NV,HLT,04/14/23,04/17/23,GEG
HARVEYS LAKE TAHOE NV,HLT,04/14/23,04/17/23,LAS
HARVEYS LAKE TAHOE NV,HLT,04/14/23,04/16/23,LAX
HARVEYS LAKE TAHOE NV,HLT,04/14/23,04/16/23,LGB
HARVEYS LAKE TAHOE NV,HLT,04/14/23,04/16/23,OAK
HARVEYS LAKE TAHOE NV,HLT,04/14/23,04/18/23,OKC
HARVEYS LAKE TAHOE NV,HLT,04/14/23,04/18/23,OMA
HARVEYS LAKE TAHOE NV,HLT,04/14/23,04/16/23,PHX
HARVEYS LAKE TAHOE NV,HLT,04/14/23,04/16/23,SAN
HARVEYS LAKE TAHOE NV,HLT,04/14/23,04/18/23,SAT
HARVEYS LAKE TAHOE NV,HLT,04/14/23,04/16/23,SEA
HARVEYS LAKE TAHOE NV,HLT,04/14/23,04/19/23,STL
HARVEYS LAKE TAHOE NV,HLT,04/16/23,04/20/23,MBS
HARVEYS LAKE TAHOE NV,HLT,04/16/23,04/20/23,GRR
HARVEYS LAKE TAHOE NV,HLT,04/16/23,04/20/23,IAH
HARVEYS LAKE TAHOE NV,HLT,04/17/23,04/22/23,BWI
HARVEYS LAKE TAHOE NV,HLT,04/17/23,04/22/23,IND
HARVEYS LAKE TAHOE NV,HLT,04/18/23,04/22/23,SUX
HARVEYS LAKE TAHOE NV,HLT,04/18/23,04/22/23,FSD
HARVEYS LAKE TAHOE NV,HLT,04/18/23,04/23/23,BHM
HARVEYS LAKE TAHOE NV,HLT,04/18/23,04/23/23,CLT
HARVEYS LAKE TAHOE NV,HLT,04/18/23,04/23/23,MSY
HARVEYS LAKE TAHOE NV,HLT,04/18/23,04/20/23,SEA
HARVEYS LAKE TAHOE NV,HLT,04/19/23,04/24/23,ATL
HARVEYS LAKE TAHOE NV,HLT,04/19/23,04/24/23,DTW
HARVEYS LAKE TAHOE NV,HLT,04/19/23,04/24/23,RDU
HARVEYS LAKE TAHOE NV,HLT,04/19/23,04/24/23,SDF
HARVEYS LAKE TAHOE NV,HLT,04/19/23,04/24/23,STL
HARVEYS LAKE TAHOE NV,HLT,04/20/23,04/24/23,CMH
HARVEYS LAKE TAHOE NV,HLT,04/20/23,04/25/23,BUF
HARVEYS LAKE TAHOE NV,HLT,04/20/23,04/24/23,DFW
HARVEYS LAKE TAHOE NV,HLT,04/20/23,04/25/23,EWR
HARVEYS LAKE TAHOE NV,HLT,04/20/23,04/23/23,GEG
HARVEYS LAKE TAHOE NV,HLT,04/20/23,04/25/23,MCI
HARVEYS LAKE TAHOE NV,HLT,04/20/23,04/25/23,MSY
HARVEYS LAKE TAHOE NV,HLT,04/20/23,04/25/23,ORD
HARVEYS LAKE TAHOE NV,HLT,04/20/23,04/25/23,PIT
HARVEYS LAKE TAHOE NV,HLT,04/21/23,04/25/23,AUS
HARVEYS LAKE TAHOE NV,HLT,04/21/23,04/24/23,DEN
HARVEYS LAKE TAHOE NV,HLT,04/21/23,04/23/23,LAS
HARVEYS LAKE TAHOE NV,HLT,04/21/23,04/24/23,LAX
HARVEYS LAKE TAHOE NV,HLT,04/21/23,04/23/23,LGB
HARVEYS LAKE TAHOE NV,HLT,04/21/23,04/23/23,OAK
HARVEYS LAKE TAHOE NV,HLT,04/21/23,04/23/23,PHX
HARVEYS LAKE TAHOE NV,HLT,04/21/23,04/23/23,SAN
HARVEYS LAKE TAHOE NV,HLT,04/21/23,04/25/23,SAT
HARVEYS LAKE TAHOE NV,HLT,04/21/23,04/23/23,SJC
HARVEYS LAKE TAHOE NV,HLT,04/22/23,04/26/23,FAR
HARVEYS LAKE TAHOE NV,HLT,04/22/23,04/27/23,JFK
HARVEYS LAKE TAHOE NV,HLT,04/22/23,04/26/23,OKC
HARVEYS LAKE TAHOE NV,HLT,04/22/23,04/26/23,OMA
HARVEYS LAKE TAHOE NV,HLT,04/24/23,04/28/23,CLT
HARVEYS LAKE TAHOE NV,HLT,04/24/23,04/29/23,ATL
HARVEYS LAKE TAHOE NV,HLT,04/24/23,04/29/23,BOS
HARVEYS LAKE TAHOE NV,HLT,04/24/23,04/29/23,TPA
HARVEYS LAKE TAHOE NV,HLT,04/25/23,04/30/23,PHL
HARVEYS LAKE TAHOE NV,HLT,04/26/23,04/30/23,LGB
HARVEYS LAKE TAHOE NV,HLT,04/26/23,05/01/23,BNA
HARVEYS LAKE TAHOE NV,HLT,04/26/23,04/30/23,ELP
HARVEYS LAKE TAHOE NV,HLT,04/27/23,05/02/23,BWI
HARVEYS LAKE TAHOE NV,HLT,04/27/23,04/30/23,DEN
HARVEYS LAKE TAHOE NV,HLT,04/27/23,04/30/23,GEG
HARVEYS LAKE TAHOE NV,HLT,04/27/23,05/02/23,MCO
HARVEYS LAKE TAHOE NV,HLT,04/27/23,04/30/23,SAN
HARVEYS LAKE TAHOE NV,HLT,04/28/23,05/02/23,TYS
HARVEYS LAKE TAHOE NV,HLT,04/28/23,05/02/23,DFW
HARVEYS LAKE TAHOE NV,HLT,04/28/23,05/03/23,IND
HARVEYS LAKE TAHOE NV,HLT,04/28/23,04/30/23,LAS
HARVEYS LAKE TAHOE NV,HLT,04/28/23,04/30/23,LAX
HARVEYS LAKE TAHOE NV,HLT,04/28/23,04/30/23,LGB
HARVEYS LAKE TAHOE NV,HLT,04/28/23,05/03/23,MSY
HARVEYS LAKE TAHOE NV,HLT,04/28/23,04/30/23,OAK
HARVEYS LAKE TAHOE NV,HLT,04/28/23,05/02/23,OKC
HARVEYS LAKE TAHOE NV,HLT,04/28/23,05/02/23,OMA
HARVEYS LAKE TAHOE NV,HLT,04/28/23,04/30/23,PHX
HARVEYS LAKE TAHOE NV,HLT,04/28/23,05/02/23,SAT
HARVEYS LAKE TAHOE NV,HLT,04/28/23,04/30/23,SEA
HARVEYS LAKE TAHOE NV,HLT,04/28/23,04/30/23,SJC
HARVEYS LAKE TAHOE NV,HLT,04/30/23,05/04/23,TUL
HARVEYS LAKE TAHOE NV,HLT,04/30/23,05/04/23,LAW
HARVEYS LAKE TAHOE NV,HLT,05/01/23,05/06/23,BUF
HARVEYS LAKE TAHOE NV,HLT,05/01/23,05/06/23,MCI
HARVEYS LAKE TAHOE NV,HLT,05/01/23,05/05/23,OMA
HARVEYS LAKE TAHOE NV,HLT,05/01/23,05/06/23,PIT
HARVEYS LAKE TAHOE NV,HLT,05/01/23,05/06/23,RDU
HARVEYS LAKE TAHOE NV,HLT,05/02/23,05/06/23,BTR
HARVEYS LAKE TAHOE NV,HLT,05/02/23,05/06/23,SJT
HARVEYS LAKE TAHOE NV,HLT,05/03/23,05/08/23,CLE
HARVEYS LAKE TAHOE NV,HLT,05/03/23,05/08/23,EWR
HARVEYS LAKE TAHOE NV,HLT,05/03/23,05/08/23,IND
HARVEYS LAKE TAHOE NV,HLT,05/03/23,05/08/23,ORD
HARVEYS LAKE TAHOE NV,HLT,05/03/23,05/08/23,PHL
HARVEYS LAKE TAHOE NV,HLT,05/03/23,05/08/23,TPA
HARVEYS LAKE TAHOE NV,HLT,05/04/23,05/08/23,GGG
HARVEYS LAKE TAHOE NV,HLT,05/04/23,05/08/23,GRK
HARVEYS LAKE TAHOE NV,HLT,05/04/23,05/09/23,ATL
HARVEYS LAKE TAHOE NV,HLT,05/04/23,05/09/23,CLT
HARVEYS LAKE TAHOE NV,HLT,05/04/23,05/07/23,LAS
HARVEYS LAKE TAHOE NV,HLT,05/04/23,05/08/23,OKC
HARVEYS LAKE TAHOE NV,HLT,05/04/23,05/09/23,RDU
HARVEYS LAKE TAHOE NV,HLT,05/04/23,05/09/23,SDF
HARVEYS LAKE TAHOE NV,HLT,05/05/23,05/09/23,AUS
HARVEYS LAKE TAHOE NV,HLT,05/05/23,05/10/23,BNA
HARVEYS LAKE TAHOE NV,HLT,05/05/23,05/08/23,DEN
HARVEYS LAKE TAHOE NV,HLT,05/05/23,05/09/23,ELP
HARVEYS LAKE TAHOE NV,HLT,05/05/23,05/08/23,GEG
HARVEYS LAKE TAHOE NV,HLT,05/05/23,05/09/23,IAH
HARVEYS LAKE TAHOE NV,HLT,05/05/23,05/07/23,LAX
HARVEYS LAKE TAHOE NV,HLT,05/05/23,05/07/23,LGB
HARVEYS LAKE TAHOE NV,HLT,05/05/23,05/10/23,MSY
HARVEYS LAKE TAHOE NV,HLT,05/05/23,05/07/23,OAK
HARVEYS LAKE TAHOE NV,HLT,05/05/23,05/09/23,OMA
HARVEYS LAKE TAHOE NV,HLT,05/05/23,05/07/23,PHX
HARVEYS LAKE TAHOE NV,HLT,05/05/23,05/07/23,SAN
HARVEYS LAKE TAHOE NV,HLT,05/05/23,05/07/23,SEA
HARVEYS LAKE TAHOE NV,HLT,05/05/23,05/08/23,SJC
HARVEYS LAKE TAHOE NV,HLT,05/06/23,05/10/23,CRP
HARVEYS LAKE TAHOE NV,HLT,05/06/23,05/10/23,MFE
HARVEYS LAKE TAHOE NV,HLT,05/06/23,05/10/23,DFW
HARVEYS LAKE TAHOE NV,HLT,05/06/23,05/11/23,JFK
HARVEYS LAKE TAHOE NV,HLT,05/08/23,05/12/23,DFW
HARVEYS LAKE TAHOE NV,HLT,05/08/23,05/13/23,BWI
HARVEYS LAKE TAHOE NV,HLT,05/08/23,05/12/23,SAT
HARVEYS LAKE TAHOE NV,HLT,05/09/23,05/11/23,SEA
HARVEYS LAKE TAHOE NV,HLT,05/10/23,05/14/23,LBB
HARVEYS LAKE TAHOE NV,HLT,05/10/23,05/14/23,PUB
HARVEYS LAKE TAHOE NV,HLT,05/10/23,05/15/23,DTW
HARVEYS LAKE TAHOE NV,HLT,05/10/23,05/15/23,STL
HARVEYS LAKE TAHOE NV,HLT,05/11/23,05/16/23,BOS
HARVEYS LAKE TAHOE NV,HLT,05/11/23,05/16/23,BUF
HARVEYS LAKE TAHOE NV,HLT,05/11/23,05/14/23,GEG
HARVEYS LAKE TAHOE NV,HLT,05/11/23,05/16/23,MCO
HARVEYS LAKE TAHOE NV,HLT,05/11/23,05/14/23,OAK
HARVEYS LAKE TAHOE NV,HLT,05/11/23,05/16/23,ORD
HARVEYS LAKE TAHOE NV,HLT,05/11/23,05/16/23,PIT
HARVEYS LAKE TAHOE NV,HLT,05/11/23,05/16/23,RDU
HARVEYS LAKE TAHOE NV,HLT,05/12/23,05/16/23,MSY
HARVEYS LAKE TAHOE NV,HLT,05/12/23,05/16/23,AUS
HARVEYS LAKE TAHOE NV,HLT,05/12/23,05/17/23,BNA
HARVEYS LAKE TAHOE NV,HLT,05/12/23,05/15/23,DEN
HARVEYS LAKE TAHOE NV,HLT,05/12/23,05/14/23,LAS
HARVEYS LAKE TAHOE NV,HLT,05/12/23,05/14/23,LAX
HARVEYS LAKE TAHOE NV,HLT,05/12/23,05/15/23,LGB
HARVEYS LAKE TAHOE NV,HLT,05/12/23,05/17/23,MSY
HARVEYS LAKE TAHOE NV,HLT,05/12/23,05/16/23,OKC
HARVEYS LAKE TAHOE NV,HLT,05/12/23,05/16/23,OMA
HARVEYS LAKE TAHOE NV,HLT,05/12/23,05/14/23,PHX
HARVEYS LAKE TAHOE NV,HLT,05/12/23,05/14/23,SAN
HARVEYS LAKE TAHOE NV,HLT,05/12/23,05/16/23,SAT
HARVEYS LAKE TAHOE NV,HLT,05/12/23,05/14/23,SJC
HARVEYS LAKE TAHOE NV,HLT,05/13/23,05/17/23,IAH
HARVEYS LAKE TAHOE NV,HLT,05/13/23,05/18/23,SDF
HARVEYS LAKE TAHOE NV,HLT,05/14/23,05/18/23,ACT
HARVEYS LAKE TAHOE NV,HLT,05/14/23,05/18/23,SGF
HARVEYS LAKE TAHOE NV,HLT,05/14/23,05/19/23,CLT
HARVEYS LAKE TAHOE NV,HLT,05/15/23,05/20/23,ATL
HARVEYS LAKE TAHOE NV,HLT,05/15/23,05/20/23,BHM
HARVEYS LAKE TAHOE NV,HLT,05/15/23,05/20/23,CLE
HARVEYS LAKE TAHOE NV,HLT,05/15/23,05/20/23,IND
HARVEYS LAKE TAHOE NV,HLT,05/16/23,05/21/23,EWR
HARVEYS LAKE TAHOE NV,HLT,05/16/23,05/02/23,MSY
HARVEYS LAKE TAHOE NV,HLT,05/17/23,05/22/23,BNA
HARVEYS LAKE TAHOE NV,HLT,05/17/23,05/22/23,BWI
HARVEYS LAKE TAHOE NV,HLT,05/17/23,05/22/23,MCI
HARVEYS LAKE TAHOE NV,HLT,05/18/23,05/22/23,SAT
HARVEYS LAKE TAHOE NV,HLT,05/18/23,05/22/23,ELP
HARVEYS LAKE TAHOE NV,HLT,05/18/23,05/23/23,STL
HARVEYS LAKE TAHOE NV,HLT,05/19/23,05/22/23,DEN
HARVEYS LAKE TAHOE NV,HLT,05/19/23,05/23/23,DFW
HARVEYS LAKE TAHOE NV,HLT,05/19/23,05/22/23,GEG
HARVEYS LAKE TAHOE NV,HLT,05/19/23,05/23/23,IAH
HARVEYS LAKE TAHOE NV,HLT,05/19/23,05/24/23,IND
HARVEYS LAKE TAHOE NV,HLT,05/19/23,05/21/23,LAS
HARVEYS LAKE TAHOE NV,HLT,05/19/23,05/22/23,LAX
HARVEYS LAKE TAHOE NV,HLT,05/19/23,05/21/23,LGB
HARVEYS LAKE TAHOE NV,HLT,05/19/23,05/21/23,OAK
HARVEYS LAKE TAHOE NV,HLT,05/19/23,05/23/23,OKC
HARVEYS LAKE TAHOE NV,HLT,05/19/23,05/23/23,OMA
HARVEYS LAKE TAHOE NV,HLT,05/19/23,05/24/23,PHL
HARVEYS LAKE TAHOE NV,HLT,05/19/23,05/21/23,PHX
HARVEYS LAKE TAHOE NV,HLT,05/19/23,05/24/23,PIT
HARVEYS LAKE TAHOE NV,HLT,05/19/23,05/24/23,RDU
HARVEYS LAKE TAHOE NV,HLT,05/19/23,05/21/23,SAN
HARVEYS LAKE TAHOE NV,HLT,05/19/23,05/23/23,SAT
HARVEYS LAKE TAHOE NV,HLT,05/19/23,05/21/23,SEA
HARVEYS LAKE TAHOE NV,HLT,05/19/23,05/21/23,SJC
HARVEYS LAKE TAHOE NV,HLT,05/20/23,05/24/23,AUS
HARVEYS LAKE TAHOE NV,HLT,05/20/23,05/25/23,JFK
HARVEYS LAKE TAHOE NV,HLT,05/22/23,05/26/23,MCI
HARVEYS LAKE TAHOE NV,HLT,05/22/23,05/27/23,RDU
HARVEYS LAKE TAHOE NV,HLT,05/23/23,05/28/23,SDF
HARVEYS LAKE TAHOE NV,HLT,05/24/23,05/29/23,ATL
HARVEYS LAKE TAHOE NV,HLT,05/24/23,05/29/23,BUF
HARVEYS LAKE TAHOE NV,HLT,05/24/23,05/29/23,CLT
HARVEYS LAKE TAHOE NV,HLT,05/24/23,05/29/23,DTW
HARVEYS LAKE TAHOE NV,HLT,05/24/23,05/29/23,IND
HARVEYS LAKE TAHOE NV,HLT,05/24/23,05/29/23,ORD
HARVEYS LAKE TAHOE NV,HLT,05/25/23,05/29/23,OKC
HARVEYS LAKE TAHOE NV,HLT,05/25/23,05/28/23,SAN
HARVEYS LAKE TAHOE NV,HLT,05/25/23,05/30/23,STL
HARVEYS LAKE TAHOE NV,HLT,05/25/23,05/30/23,TPA
HARVEYS LAKE TAHOE NV,HLT,05/26/23,05/30/23,MSN
HARVEYS LAKE TAHOE NV,HLT,05/26/23,05/30/23,EAU
HARVEYS LAKE TAHOE NV,HLT,05/26/23,05/30/23,AUS
HARVEYS LAKE TAHOE NV,HLT,05/26/23,05/31/23,BNA
HARVEYS LAKE TAHOE NV,HLT,05/26/23,05/29/23,DEN
HARVEYS LAKE TAHOE NV,HLT,05/26/23,05/29/23,GEG
HARVEYS LAKE TAHOE NV,HLT,05/26/23,05/28/23,LAS
HARVEYS LAKE TAHOE NV,HLT,05/26/23,05/28/23,LAX
HARVEYS LAKE TAHOE NV,HLT,05/26/23,05/28/23,LGB
HARVEYS LAKE TAHOE NV,HLT,05/26/23,05/31/23,MSY
HARVEYS LAKE TAHOE NV,HLT,05/26/23,05/28/23,OAK
HARVEYS LAKE TAHOE NV,HLT,05/26/23,05/28/23,PHX
HARVEYS LAKE TAHOE NV,HLT,05/26/23,05/31/23,PIT
HARVEYS LAKE TAHOE NV,HLT,05/26/23,05/30/23,SAT
HARVEYS LAKE TAHOE NV,HLT,05/26/23,05/28/23,SEA
HARVEYS LAKE TAHOE NV,HLT,05/26/23,05/28/23,SJC
HARVEYS LAKE TAHOE NV,HLT,05/27/23,06/01/23,BHM
HARVEYS LAKE TAHOE NV,HLT,05/31/23,06/05/23,BWI
HARVEYS LAKE TAHOE NV,HLT,05/31/23,06/05/23,MCI
HARVEYS LAKE TAHOE NV,HLT,06/01/23,06/06/23,ATL
HARVEYS LAKE TAHOE NV,HLT,06/01/23,06/06/23,BNA
HARVEYS LAKE TAHOE NV,HLT,06/01/23,06/06/23,CLE
HARVEYS LAKE TAHOE NV,HLT,06/01/23,06/06/23,IND
HARVEYS LAKE TAHOE NV,HLT,06/01/23,06/04/23,LAX
HARVEYS LAKE TAHOE NV,HLT,06/01/23,06/05/23,OKC
HARVEYS LAKE TAHOE NV,HLT,06/01/23,06/06/23,PIT
HARVEYS LAKE TAHOE NV,HLT,06/01/23,06/06/23,RDU
HARVEYS LAKE TAHOE NV,HLT,06/01/23,06/06/23,STL
HARVEYS LAKE TAHOE NV,HLT,06/01/23,06/06/23,TPA
HARVEYS LAKE TAHOE NV,HLT,06/02/23,06/06/23,AUS
HARVEYS LAKE TAHOE NV,HLT,06/02/23,06/07/23,BUF
HARVEYS LAKE TAHOE NV,HLT,06/02/23,06/05/23,DEN
HARVEYS LAKE TAHOE NV,HLT,06/02/23,06/06/23,DFW
HARVEYS LAKE TAHOE NV,HLT,06/02/23,06/07/23,DTW
HARVEYS LAKE TAHOE NV,HLT,06/02/23,06/07/23,EWR
HARVEYS LAKE TAHOE NV,HLT,06/02/23,06/05/23,GEG
HARVEYS LAKE TAHOE NV,HLT,06/02/23,06/06/23,IAH
HARVEYS LAKE TAHOE NV,HLT,06/02/23,06/04/23,LAS
HARVEYS LAKE TAHOE NV,HLT,06/02/23,06/04/23,LGB
HARVEYS LAKE TAHOE NV,HLT,06/02/23,06/07/23,MCO
HARVEYS LAKE TAHOE NV,HLT,06/02/23,06/07/23,MSY
HARVEYS LAKE TAHOE NV,HLT,06/02/23,06/04/23,OAK
HARVEYS LAKE TAHOE NV,HLT,06/02/23,06/04/23,PHX
HARVEYS LAKE TAHOE NV,HLT,06/02/23,06/04/23,SAN
HARVEYS LAKE TAHOE NV,HLT,06/02/23,06/06/23,SAT
HARVEYS LAKE TAHOE NV,HLT,06/02/23,06/04/23,SEA
HARVEYS LAKE TAHOE NV,HLT,06/02/23,06/04/23,SJC
HARVEYS LAKE TAHOE NV,HLT,06/03/23,06/08/23,SDF
HARVEYS LAKE TAHOE NV,HLT,06/04/23,06/09/23,BHM
HARVEYS LAKE TAHOE NV,HLT,06/06/23,06/10/23,OMA
HARVEYS LAKE TAHOE NV,HLT,06/06/23,06/11/23,STL
HARVEYS LAKE TAHOE NV,HLT,06/07/23,06/12/23,BOS
HARVEYS LAKE TAHOE NV,HLT,06/07/23,06/12/23,BWI
HARVEYS LAKE TAHOE NV,HLT,06/07/23,06/12/23,JFK
HARVEYS LAKE TAHOE NV,HLT,06/07/23,06/12/23,MCI
HARVEYS LAKE TAHOE NV,HLT,06/07/23,06/12/23,ORD
HARVEYS LAKE TAHOE NV,HLT,06/07/23,06/12/23,PIT
HARVEYS LAKE TAHOE NV,HLT,06/08/23,06/13/23,BNA
HARVEYS LAKE TAHOE NV,HLT,06/08/23,06/13/23,CLT
HARVEYS LAKE TAHOE NV,HLT,06/08/23,06/13/23,MSY
HARVEYS LAKE TAHOE NV,HLT,06/08/23,06/13/23,PHL
HARVEYS LAKE TAHOE NV,HLT,06/08/23,06/13/23,RDU
HARVEYS LAKE TAHOE NV,HLT,06/08/23,06/13/23,TPA
HARVEYS LAKE TAHOE NV,HLT,06/09/23,06/13/23,AUS
HARVEYS LAKE TAHOE NV,HLT,06/09/23,06/12/23,DEN
HARVEYS LAKE TAHOE NV,HLT,06/09/23,06/13/23,ELP
HARVEYS LAKE TAHOE NV,HLT,06/09/23,06/12/23,GEG
HARVEYS LAKE TAHOE NV,HLT,06/09/23,06/14/23,IND
HARVEYS LAKE TAHOE NV,HLT,06/09/23,06/11/23,LAS
HARVEYS LAKE TAHOE NV,HLT,06/09/23,06/11/23,LAX
HARVEYS LAKE TAHOE NV,HLT,06/09/23,06/11/23,LGB
HARVEYS LAKE TAHOE NV,HLT,06/09/23,06/14/23,MCO
HARVEYS LAKE TAHOE NV,HLT,06/09/23,06/11/23,OAK
HARVEYS LAKE TAHOE NV,HLT,06/09/23,06/13/23,OKC
HARVEYS LAKE TAHOE NV,HLT,06/09/23,06/11/23,PHX
HARVEYS LAKE TAHOE NV,HLT,06/09/23,06/12/23,SAN
HARVEYS LAKE TAHOE NV,HLT,06/09/23,06/13/23,SAT
HARVEYS LAKE TAHOE NV,HLT,06/09/23,06/11/23,SEA
HARVEYS LAKE TAHOE NV,HLT,06/09/23,06/11/23,SJC
HARVEYS LAKE TAHOE NV,HLT,06/10/23,06/15/23,ATL
HARVEYS LAKE TAHOE NV,HLT,06/11/23,06/15/23,IAH
HARVEYS LAKE TAHOE NV,HLT,06/12/23,06/16/23,AUS
HARVEYS LAKE TAHOE NV,HLT,06/12/23,06/17/23,CLE
HARVEYS LAKE TAHOE NV,HLT,06/12/23,06/16/23,SAT
HARVEYS LAKE TAHOE NV,HLT,06/12/23,06/17/23,SDF
HARVEYS LAKE TAHOE NV,HLT,06/14/23,06/19/23,BHM
HARVEYS LAKE TAHOE NV,HLT,06/14/23,06/19/23,BWI
HARVEYS LAKE TAHOE NV,HLT,06/14/23,06/19/23,DTW
HARVEYS LAKE TAHOE NV,HLT,06/14/23,06/19/23,IND
HARVEYS LAKE TAHOE NV,HLT,06/14/23,06/19/23,MCI
HARVEYS LAKE TAHOE NV,HLT,06/14/23,06/19/23,MSY
HARVEYS LAKE TAHOE NV,HLT,06/14/23,06/19/23,STL
HARVEYS LAKE TAHOE NV,HLT,06/15/23,06/20/23,BNA
HARVEYS LAKE TAHOE NV,HLT,06/15/23,06/20/23,CLT
HARVEYS LAKE TAHOE NV,HLT,06/15/23,06/19/23,ELP
HARVEYS LAKE TAHOE NV,HLT,06/15/23,06/18/23,GEG
HARVEYS LAKE TAHOE NV,HLT,06/15/23,06/18/23,OAK
HARVEYS LAKE TAHOE NV,HLT,06/15/23,06/20/23,ORD
HARVEYS LAKE TAHOE NV,HLT,06/16/23,06/19/23,DEN
HARVEYS LAKE TAHOE NV,HLT,06/16/23,06/20/23,IAH
HARVEYS LAKE TAHOE NV,HLT,06/16/23,06/18/23,LAS
HARVEYS LAKE TAHOE NV,HLT,06/16/23,06/18/23,LAX
HARVEYS LAKE TAHOE NV,HLT,06/16/23,06/19/23,LGB
HARVEYS LAKE TAHOE NV,HLT,06/16/23,06/20/23,OKC
HARVEYS LAKE TAHOE NV,HLT,06/16/23,06/20/23,OMA
HARVEYS LAKE TAHOE NV,HLT,06/16/23,06/18/23,PHX
HARVEYS LAKE TAHOE NV,HLT,06/16/23,06/21/23,PIT
HARVEYS LAKE TAHOE NV,HLT,06/16/23,06/21/23,RDU
HARVEYS LAKE TAHOE NV,HLT,06/16/23,06/18/23,SAN
HARVEYS LAKE TAHOE NV,HLT,06/16/23,06/18/23,SEA
HARVEYS LAKE TAHOE NV,HLT,06/16/23,06/18/23,SJC
HARVEYS LAKE TAHOE NV,HLT,06/16/23,06/21/23,TPA
HARVEYS LAKE TAHOE NV,HLT,06/17/23,06/22/23,ATL
HARVEYS LAKE TAHOE NV,HLT,06/17/23,06/21/23,DFW
HARVEYS LAKE TAHOE NV,HLT,06/17/23,06/22/23,EWR
HARVEYS LAKE TAHOE NV,HLT,06/17/23,06/22/23,JFK
HARVEYS LAKE TAHOE NV,HLT,06/19/23,06/24/23,SDF
HARVEYS LAKE TAHOE NV,HLT,06/20/23,06/25/23,BOS
HARVEYS LAKE TAHOE NV,HLT,06/21/23,06/26/23,BWI
HARVEYS LAKE TAHOE NV,HLT,06/21/23,06/26/23,CLT
HARVEYS LAKE TAHOE NV,HLT,06/21/23,06/26/23,MCO
HARVEYS LAKE TAHOE NV,HLT,06/21/23,06/26/23,ORD
HARVEYS LAKE TAHOE NV,HLT,06/22/23,06/27/23,ATL
HARVEYS LAKE TAHOE NV,HLT,06/22/23,06/27/23,CLE
HARVEYS LAKE TAHOE NV,HLT,06/22/23,06/27/23,IND
HARVEYS LAKE TAHOE NV,HLT,06/22/23,06/27/23,MCI
HARVEYS LAKE TAHOE NV,HLT,06/22/23,06/27/23,PHL
HARVEYS LAKE TAHOE NV,HLT,06/22/23,06/27/23,PIT
HARVEYS LAKE TAHOE NV,HLT,06/22/23,06/27/23,RDU
HARVEYS LAKE TAHOE NV,HLT,06/22/23,06/25/23,SJC
HARVEYS LAKE TAHOE NV,HLT,06/22/23,06/27/23,STL
HARVEYS LAKE TAHOE NV,HLT,06/22/23,06/27/23,TPA
HARVEYS LAKE TAHOE NV,HLT,06/23/23,06/27/23,AUS
HARVEYS LAKE TAHOE NV,HLT,06/23/23,06/26/23,DEN
HARVEYS LAKE TAHOE NV,HLT,06/23/23,06/28/23,EWR
HARVEYS LAKE TAHOE NV,HLT,06/23/23,06/26/23,GEG
HARVEYS LAKE TAHOE NV,HLT,06/23/23,06/26/22,LAS
HARVEYS LAKE TAHOE NV,HLT,06/23/23,06/25/23,LAX
HARVEYS LAKE TAHOE NV,HLT,06/23/23,06/25/23,LGB
HARVEYS LAKE TAHOE NV,HLT,06/23/23,06/25/23,OAK
HARVEYS LAKE TAHOE NV,HLT,06/23/23,06/27/23,OKC
HARVEYS LAKE TAHOE NV,HLT,06/23/23,06/25/23,PHX
HARVEYS LAKE TAHOE NV,HLT,06/23/23,06/25/23,SAN
HARVEYS LAKE TAHOE NV,HLT,06/23/23,06/27/23,SAT
HARVEYS LAKE TAHOE NV,HLT,06/24/23,06/29/23,BNA
HARVEYS LAKE TAHOE NV,HLT,06/24/23,06/28/23,DFW
HARVEYS LAKE TAHOE NV,HLT,06/24/23,06/28/23,IAH
HARVEYS LAKE TAHOE NV,HLT,06/24/23,06/28/23,OMA
HARVEYS LAKE TAHOE NV,HLT,06/26/23,07/01/23,BHM
HARVEYS LAKE TAHOE NV,HLT,06/26/23,07/01/23,MSY
HARVEYS LAKE TAHOE NV,HLT,06/27/23,07/02/23,BWI
HARVEYS LAKE TAHOE NV,HLT,06/27/23,06/29/23,SEA
HARRAH'S LAUGHLIN NV,LAU,02/22/23,02/26/23,AZA
HARRAH'S LAUGHLIN NV,LAU,02/22/23,02/26/23,TUS
HARRAH'S LAUGHLIN NV,LAU,02/23/23,02/27/23,YYC
HARRAH'S LAUGHLIN NV,LAU,02/24/23,02/28/23,CLE
HARRAH'S LAUGHLIN NV,LAU,02/25/23,03/01/23,GRR
HARRAH'S LAUGHLIN NV,LAU,02/25/23,03/01/23,MBS
HARRAH'S LAUGHLIN NV,LAU,02/28/23,03/04/23,BUF
HARRAH'S LAUGHLIN NV,LAU,03/01/23,03/05/23,SMX
HARRAH'S LAUGHLIN NV,LAU,03/01/23,03/05/23,OAK
HARRAH'S LAUGHLIN NV,LAU,03/01/23,03/05/23,SPI
HARRAH'S LAUGHLIN NV,LAU,03/02/23,03/06/23,DSM
HARRAH'S LAUGHLIN NV,LAU,03/02/23,03/06/23,FSD
HARRAH'S LAUGHLIN NV,LAU,03/03/23,03/07/23,SEA
HARRAH'S LAUGHLIN NV,LAU,03/03/23,03/07/23,PDX
HARRAH'S LAUGHLIN NV,LAU,03/04/23,03/08/23,CVG
HARRAH'S LAUGHLIN NV,LAU,03/04/23,03/08/23,PIA
HARRAH'S LAUGHLIN NV,LAU,03/05/23,03/09/23,EVV
HARRAH'S LAUGHLIN NV,LAU,03/05/23,03/09/23,FNL
HARRAH'S LAUGHLIN NV,LAU,03/06/23,03/10/23,GRI
HARRAH'S LAUGHLIN NV,LAU,03/07/23,03/11/23,FCA
HARRAH'S LAUGHLIN NV,LAU,03/07/23,03/11/23,BIL
HARRAH'S LAUGHLIN NV,LAU,03/08/23,03/12/23,PHL
HARRAH'S LAUGHLIN NV,LAU,03/09/23,03/13/23,IND
HARRAH'S LAUGHLIN NV,LAU,03/10/23,03/14/23,SGF
HARRAH'S LAUGHLIN NV,LAU,03/10/23,03/14/23,TUL
HARRAH'S LAUGHLIN NV,LAU,03/11/23,03/15/23,MOT
HARRAH'S LAUGHLIN NV,LAU,03/11/23,03/15/23,BIS
HARRAH'S LAUGHLIN NV,LAU,03/12/23,03/16/23,PIT
HARRAH'S LAUGHLIN NV,LAU,03/13/23,03/17/23,SDF
HARRAH'S LAUGHLIN NV,LAU,03/14/23,03/18/23,MSY
HARRAH'S LAUGHLIN NV,LAU,03/16/23,03/20/23,STL
HARRAH'S LAUGHLIN NV,LAU,03/17/23,03/21/23,TRI
HARRAH'S LAUGHLIN NV,LAU,03/17/23,03/21/23,GCK
HARRAH'S LAUGHLIN NV,LAU,03/17/23,03/21/23,LGB
HARRAH'S LAUGHLIN NV,LAU,03/18/23,03/22/23,BHM
HARRAH'S LAUGHLIN NV,LAU,03/19/23,03/23/23,FAR
HARRAH'S LAUGHLIN NV,LAU,03/20/23,03/24/23,MKE
HARRAH'S LAUGHLIN NV,LAU,03/21/23,03/25/23,CLT
HARRAH'S LAUGHLIN NV,LAU,03/21/23,03/25/23,AZA
HARRAH'S LAUGHLIN NV,LAU,03/21/23,03/25/23,TUS
HARRAH'S LAUGHLIN NV,LAU,03/22/23,03/26/23,TYS
HARRAH'S LAUGHLIN NV,LAU,03/23/23,03/27/23,OMA
HARRAH'S LAUGHLIN NV,LAU,03/24/23,03/28/23,MSN
HARRAH'S LAUGHLIN NV,LAU,03/24/23,03/28/23,EAU
HARRAH'S LAUGHLIN NV,LAU,03/25/23,03/29/23,DTW
HARRAH'S LAUGHLIN NV,LAU,03/26/23,03/30/23,MEM
HARRAH'S LAUGHLIN NV,LAU,03/27/23,03/31/23,YWG
HARRAH'S LAUGHLIN NV,LAU,03/28/23,04/01/23,LSE
HARRAH'S LAUGHLIN NV,LAU,03/28/23,04/01/23,BMI
HARRAH'S LAUGHLIN NV,LAU,03/30/23,04/03/23,LIT
HARRAH'S LAUGHLIN NV,LAU,03/30/23,04/03/23,OKC
HARRAH'S LAUGHLIN NV,LAU,03/31/23,04/04/23,YYC
HARRAH'S LAUGHLIN NV,LAU,04/01/23,04/05/23,ALO
HARRAH'S LAUGHLIN NV,LAU,04/01/23,04/05/23,LNK
HARRAH'S LAUGHLIN NV,LAU,04/02/23,04/06/23,TPA
HARRAH'S LAUGHLIN NV,LAU,04/03/23,04/07/23,BTR
HARRAH'S LAUGHLIN NV,LAU,04/03/23,04/07/23,SPS
HARRAH'S LAUGHLIN NV,LAU,04/04/23,04/08/23,SEA
HARRAH'S LAUGHLIN NV,LAU,04/04/23,04/08/23,PDX
HARRAH'S LAUGHLIN NV,LAU,04/06/23,04/10/23,TRI
HARRAH'S LAUGHLIN NV,LAU,04/07/23,04/11/23,BNA
HARRAH'S LAUGHLIN NV,LAU,04/08/23,04/12/23,BLI
HARRAH'S LAUGHLIN NV,LAU,04/10/23,04/14/23,IND
HARRAH'S LAUGHLIN NV,LAU,04/11/23,04/15/23,MLI
HARRAH'S LAUGHLIN NV,LAU,04/11/23,04/15/23,ACT
HARRAH'S LAUGHLIN NV,LAU,04/11/23,04/15/23,ELP
HARRAH'S LAUGHLIN NV,LAU,04/12/23,04/16/23,GTF
HARRAH'S LAUGHLIN NV,LAU,04/12/23,04/16/23,BIL
HARRAH'S LAUGHLIN NV,LAU,04/13/23,04/17/23,ICT
HARRAH'S LAUGHLIN NV,LAU,04/13/23,04/17/23,SGF
HARRAH'S LAUGHLIN NV,LAU,04/14/23,04/18/23,LBB
HARRAH'S LAUGHLIN NV,LAU,04/14/23,04/18/23,FNL
HARRAH'S LAUGHLIN NV,LAU,04/15/23,04/18/23,BUF
HARRAH'S LAUGHLIN NV,LAU,04/15/23,04/19/23,CVG
HARRAH'S LAUGHLIN NV,LAU,04/15/23,04/19/23,DSM
HARRAH'S LAUGHLIN NV,LAU,04/15/23,04/19/23,HRL
HARRAH'S LAUGHLIN NV,LAU,04/15/23,04/19/23,MAF
HARRAH'S LAUGHLIN NV,LAU,04/16/23,04/20/23,GEG
HARRAH'S LAUGHLIN NV,LAU,04/16/23,04/20/23,PSC
HARRAH'S LAUGHLIN NV,LAU,04/17/23,04/21/23,CLE
HARRAH'S LAUGHLIN NV,LAU,04/18/23,04/22/23,MKE
HARRAH'S LAUGHLIN NV,LAU,04/19/23,04/23/23,TOL
HARRAH'S LAUGHLIN NV,LAU,04/19/23,04/23/23,EVV
HARRAH'S LAUGHLIN NV,LAU,04/19/23,04/23/23,SAT
HARRAH'S LAUGHLIN NV,LAU,04/20/23,04/24/23,YEG
HARRAH'S LAUGHLIN NV,LAU,04/21/23,04/25/23,LEX
HARRAH'S LAUGHLIN NV,LAU,04/22/23,04/15/23,RFD
HARRAH'S LAUGHLIN NV,LAU,04/22/23,04/26/23,MSP
HARRAH'S LAUGHLIN NV,LAU,04/23/23,04/27/23,STL
HARRAH'S LAUGHLIN NV,LAU,04/23/23,04/27/23,TUS
HARRAH'S LAUGHLIN NV,LAU,04/23/23,04/27/23,AZA
HARRAH'S LAUGHLIN NV,LAU,04/24/23,04/28/23,YYC
HARRAH'S LAUGHLIN NV,LAU,04/25/23,04/29/23,CHA
HARRAH'S LAUGHLIN NV,LAU,04/26/23,04/30/23,MOT
HARRAH'S LAUGHLIN NV,LAU,04/26/23,04/30/23,BIS
HARRAH'S LAUGHLIN NV,LAU,04/26/23,04/30/23,GRI
HARRAH'S LAUGHLIN NV,LAU,04/27/23,05/01/23,CWA
HARRAH'S LAUGHLIN NV,LAU,04/27/23,05/01/23,LSE
HARRAH'S LAUGHLIN NV,LAU,04/28/23,05/02/23,YWG
HARRAH'S LAUGHLIN NV,LAU,04/28/23,05/02/23,YQT
HARRAH'S LAUGHLIN NV,LAU,04/29/23,05/03/23,TRI
HARRAH'S LAUGHLIN NV,LAU,04/30/23,05/04/23,DEN
HARRAH'S LAUGHLIN NV,LAU,05/01/23,05/05/23,PIA
HARRAH'S LAUGHLIN NV,LAU,05/01/23,05/05/23,OMA
HARRAH'S LAUGHLIN NV,LAU,05/02/23,05/06/23,GRB
HARRAH'S LAUGHLIN NV,LAU,05/03/23,05/07/23,BFM
HARRAH'S LAUGHLIN NV,LAU,05/04/23,05/08/23,GCK
HARRAH'S LAUGHLIN NV,LAU,05/04/23,05/08/23,ABQ
HARRAH'S LAUGHLIN NV,LAU,05/05/23,05/09/23,MCI
HARRAH'S LAUGHLIN NV,LAU,05/06/23,05/10/23,MDW
HARRAH'S LAUGHLIN NV,LAU,05/07/23,05/11/23,HSV
HARRAH'S LAUGHLIN NV,LAU,05/07/23,05/11/23,LIT
HARRAH'S LAUGHLIN NV,LAU,05/08/23,05/12/23,SPS
HARRAH'S LAUGHLIN NV,LAU,05/08/23,05/12/23,ABI
HARRAH'S LAUGHLIN NV,LAU,05/09/23,05/13/23,MSN
HARRAH'S LAUGHLIN NV,LAU,05/09/23,05/13/23,DSM
HARRAH'S LAUGHLIN NV,LAU,05/10/23,05/14/23,MKE
HARRAH'S LAUGHLIN NV,LAU,05/11/23,05/15/23,JAX
HARRAH'S LAUGHLIN NV,LAU,05/12/23,05/16/23,MAF
HARRAH'S LAUGHLIN NV,LAU,05/12/23,05/16/23,ELP
HARRAH'S LAUGHLIN NV,LAU,05/13/23,05/17/23,FAR
HARRAH'S LAUGHLIN NV,LAU,05/14/23,05/18/23,LAN
HARRAH'S LAUGHLIN NV,LAU,05/14/23,05/18/23,MBS
HARRAH'S LAUGHLIN NV,LAU,05/15/23,05/19/23,SFB
HARRAH'S LAUGHLIN NV,LAU,05/15/23,05/19/23,SJC
HARRAH'S LAUGHLIN NV,LAU,05/15/23,05/19/23,SMF
HARRAH'S LAUGHLIN NV,LAU,05/16/23,05/20/23,ICT
HARRAH'S LAUGHLIN NV,LAU,05/16/23,05/20/23,COS
HARRAH'S LAUGHLIN NV,LAU,05/17/23,05/21/23,SPI
HARRAH'S LAUGHLIN NV,LAU,05/17/23,05/21/23,OKC
HARRAH'S LAUGHLIN NV,LAU,05/18/23,05/22/23,GRR
HARRAH'S LAUGHLIN NV,LAU,05/19/23,05/23/23,MRY
HARRAH'S LAUGHLIN NV,LAU,05/19/23,05/23/23,FAT
HARRAH'S LAUGHLIN NV,LAU,05/19/23,05/23/23,BHM
HARRAH'S LAUGHLIN NV,LAU,05/19/23,05/23/23,XNA
HARRAH'S LAUGHLIN NV,LAU,05/20/23,05/24/23,AUS
HARRAH'S LAUGHLIN NV,LAU,05/21/23,05/25/23,CHA
HARRAH'S LAUGHLIN NV,LAU,05/22/23,05/26/23,FWA
HARRAH'S LAUGHLIN NV,LAU,05/22/23,05/26/23,SBN
HARRAH'S LAUGHLIN NV,LAU,05/23/23,05/27/23,LEX
HARRAH'S LAUGHLIN NV,LAU,05/23/23,05/27/23,EVV
HARRAH'S LAUGHLIN NV,LAU,05/23/23,05/27/23,LGB
HARRAH'S LAUGHLIN NV,LAU,05/23/23,05/27/23,SMX
HARRAH'S LAUGHLIN NV,LAU,05/24/23,05/28/23,DFW
HARRAH'S LAUGHLIN NV,LAU,05/25/23,05/29/23,GSO
HARRAH'S LAUGHLIN NV,LAU,05/26/23,05/30/23,MSP
HARRAH'S LAUGHLIN NV,LAU,05/27/23,05/31/23,TUL
HARRAH'S LAUGHLIN NV,LAU,05/27/23,05/31/23,FNL
HARRAH'S LAUGHLIN NV,LAU,05/27/23,05/31/23,PSP
HARRAH'S LAUGHLIN NV,LAU,05/27/23,05/31/23,SAN
"TROPICANA ATLANTIC CITY, NJ",TAC,03/03/23,03/06/23,BOS
"TROPICANA ATLANTIC CITY, NJ",TAC,03/06/23,03/09/23,GSO
"TROPICANA ATLANTIC CITY, NJ",TAC,03/09/23,03/12/23,SAV
"TROPICANA ATLANTIC CITY, NJ",TAC,03/09/23,03/12/23,AVL
"TROPICANA ATLANTIC CITY, NJ",TAC,03/09/23,03/12/23,RSW
"TROPICANA ATLANTIC CITY, NJ",TAC,03/12/23,03/15/23,BHM
"TROPICANA ATLANTIC CITY, NJ",TAC,03/15/23,03/18/23,CAE
"TROPICANA ATLANTIC CITY, NJ",TAC,03/18/23,03/21/23,SFB
"TROPICANA ATLANTIC CITY, NJ",TAC,03/21/23,03/24/23,CHA
"TROPICANA ATLANTIC CITY, NJ",TAC,03/23/23,03/26/23,FAY
"TROPICANA ATLANTIC CITY, NJ",TAC,03/23/23,03/26/23,OAJ
"TROPICANA ATLANTIC CITY, NJ",TAC,03/24/23,03/27/23,RIC
"TROPICANA ATLANTIC CITY, NJ",TAC,03/24/23,03/27/23,ORF
"TROPICANA ATLANTIC CITY, NJ",TAC,03/27/23,03/30/23,CLE
"TROPICANA ATLANTIC CITY, NJ",TAC,04/03/23,04/06/23,SFB
"TROPICANA ATLANTIC CITY, NJ",TAC,04/04/23,04/07/23,ALB
"TROPICANA ATLANTIC CITY, NJ",TAC,04/04/23,04/07/23,BDL
"TROPICANA ATLANTIC CITY, NJ",TAC,04/06/23,04/09/23,PGV
"TROPICANA ATLANTIC CITY, NJ",TAC,04/08/23,04/11/23,DAY
"TROPICANA ATLANTIC CITY, NJ",TAC,04/09/23,04/12/23,ROC
"TROPICANA ATLANTIC CITY, NJ",TAC,04/09/23,04/12/23,SYR
"TROPICANA ATLANTIC CITY, NJ",TAC,04/10/23,04/13/23,AVL
"TROPICANA ATLANTIC CITY, NJ",TAC,04/12/23,04/15/23,RIC
"TROPICANA ATLANTIC CITY, NJ",TAC,04/12/23,04/15/23,ORF
"TROPICANA ATLANTIC CITY, NJ",TAC,04/14/23,04/17/23,MSY
"TROPICANA ATLANTIC CITY, NJ",TAC,04/15/23,04/18/23,SAV
"TROPICANA ATLANTIC CITY, NJ",TAC,04/16/23,04/19/23,TRI
"TROPICANA ATLANTIC CITY, NJ",TAC,04/18/23,04/18/23,ILM
"TROPICANA ATLANTIC CITY, NJ",TAC,04/18/23,04/21/23,BHM
"TROPICANA ATLANTIC CITY, NJ",TAC,04/20/23,04/23/23,GSO
"TROPICANA ATLANTIC CITY, NJ",TAC,04/21/23,04/24/23,RDU
"TROPICANA ATLANTIC CITY, NJ",TAC,04/22/23,04/25/23,CRW
"TROPICANA ATLANTIC CITY, NJ",TAC,04/22/23,04/25/23,ROA
"TROPICANA ATLANTIC CITY, NJ",TAC,04/24/23,04/27/23,PIT
"TROPICANA ATLANTIC CITY, NJ",TAC,04/26/23,04/29/23,DTW
"TROPICANA ATLANTIC CITY, NJ",TAC,04/27/23,04/30/23,MCN
"TROPICANA ATLANTIC CITY, NJ",TAC,04/27/23,04/30/23,AGS
"TROPICANA ATLANTIC CITY, NJ",TAC,05/01/23,05/04/23,GSP
"TROPICANA ATLANTIC CITY, NJ",TAC,05/02/23,05/05/23,BUF
"TROPICANA ATLANTIC CITY, NJ",TAC,05/03/23,05/06/23,IND
"TROPICANA ATLANTIC CITY, NJ",TAC,05/04/23,05/07/23,BOS
"TROPICANA ATLANTIC CITY, NJ",TAC,05/05/23,05/08/23,BWI
"TROPICANA ATLANTIC CITY, NJ",TAC,05/06/23,05/09/23,DAY
"TROPICANA ATLANTIC CITY, NJ",TAC,05/07/23,05/10/23,LBE
"TROPICANA ATLANTIC CITY, NJ",TAC,05/08/23,05/11/23,CLT
"TROPICANA ATLANTIC CITY, NJ",TAC,05/09/23,05/12/23,RIC
"TROPICANA ATLANTIC CITY, NJ",TAC,05/09/23,05/12/23,ORF
"TROPICANA ATLANTIC CITY, NJ",TAC,05/10/23,05/13/23,ROC
"TROPICANA ATLANTIC CITY, NJ",TAC,05/10/23,05/13/23,SYR
"TROPICANA ATLANTIC CITY, NJ",TAC,05/13/23,05/16/23,PGV
"TROPICANA ATLANTIC CITY, NJ",TAC,05/16/23,05/19/23,CAE
"TROPICANA ATLANTIC CITY, NJ",TAC,05/18/23,05/21/23,TOL
"TROPICANA ATLANTIC CITY, NJ",TAC,05/19/23,05/22/23,BNA
"TROPICANA ATLANTIC CITY, NJ",TAC,05/21/23,05/24/23,CLE
"TROPICANA ATLANTIC CITY, NJ",TAC,05/22/23,05/25/23,CMH
"TROPICANA ATLANTIC CITY, NJ",TAC,05/23/23,05/23/23,CVG
"TROPICANA ATLANTIC CITY, NJ",TAC,05/23/23,05/26/23,ALB
"TROPICANA ATLANTIC CITY, NJ",TAC,05/23/23,05/26/23,BDL
"TROPICANA ATLANTIC CITY, NJ",TAC,05/24/23,05/27/23,IND
"TROPICANA ATLANTIC CITY, NJ",TAC,05/27/23,05/30/23,MKE
HARRAHS LAKE TAHOE NV,TAH,02/22/23,02/27/23,JFK
HARRAHS LAKE TAHOE NV,TAH,02/22/23,02/27/23,SDF
HARRAHS LAKE TAHOE NV,TAH,02/22/23,02/27/23,TPA
HARRAHS LAKE TAHOE NV,TAH,02/23/23,02/28/23,ATL
HARRAHS LAKE TAHOE NV,TAH,02/23/23,02/28/23,BUF
HARRAHS LAKE TAHOE NV,TAH,02/23/23,02/28/23,CLT
HARRAHS LAKE TAHOE NV,TAH,02/24/23,02/27/23,DEN
HARRAHS LAKE TAHOE NV,TAH,02/26/23,03/03/23,MSY
HARRAHS LAKE TAHOE NV,TAH,02/26/23,03/03/23,RDU
HARRAHS LAKE TAHOE NV,TAH,02/26/23,03/03/23,STL
HARRAHS LAKE TAHOE NV,TAH,02/27/23,03/03/23,SAT
HARRAHS LAKE TAHOE NV,TAH,02/27/23,03/04/23,DTW
HARRAHS LAKE TAHOE NV,TAH,02/28/23,03/05/23,EWR
HARRAHS LAKE TAHOE NV,TAH,03/01/23,03/06/23,BHM
HARRAHS LAKE TAHOE NV,TAH,03/01/23,03/06/23,BWI
HARRAHS LAKE TAHOE NV,TAH,03/01/23,03/06/23,CLE
HARRAHS LAKE TAHOE NV,TAH,03/01/23,03/06/23,IND
HARRAHS LAKE TAHOE NV,TAH,03/01/23,03/06/23,MCI
HARRAHS LAKE TAHOE NV,TAH,03/02/23,03/06/23,AUS
HARRAHS LAKE TAHOE NV,TAH,03/02/23,03/07/23,CLT
HARRAHS LAKE TAHOE NV,TAH,03/02/23,03/07/23,JFK
HARRAHS LAKE TAHOE NV,TAH,03/02/23,03/07/23,MCO
HARRAHS LAKE TAHOE NV,TAH,03/02/23,03/07/23,ORD
HARRAHS LAKE TAHOE NV,TAH,03/02/23,03/07/23,PHL
HARRAHS LAKE TAHOE NV,TAH,03/03/23,03/07/23,SHV
HARRAHS LAKE TAHOE NV,TAH,03/03/23,03/07/23,COS
HARRAHS LAKE TAHOE NV,TAH,03/03/23,03/07/23,DFW
HARRAHS LAKE TAHOE NV,TAH,03/03/23,03/07/23,IAH
HARRAHS LAKE TAHOE NV,TAH,03/03/23,03/07/23,OKC
HARRAHS LAKE TAHOE NV,TAH,03/04/23,03/09/23,ATL
HARRAHS LAKE TAHOE NV,TAH,03/05/23,03/09/23,BLI
HARRAHS LAKE TAHOE NV,TAH,03/07/23,03/11/23,HRL
HARRAHS LAKE TAHOE NV,TAH,03/08/23,03/13/23,EWR
HARRAHS LAKE TAHOE NV,TAH,03/09/23,03/14/23,BOS
HARRAHS LAKE TAHOE NV,TAH,03/09/23,03/13/23,OMA
HARRAHS LAKE TAHOE NV,TAH,03/09/23,03/13/23,SAT
HARRAHS LAKE TAHOE NV,TAH,03/10/23,03/13/23,DEN
HARRAHS LAKE TAHOE NV,TAH,03/10/23,03/15/23,MSY
HARRAHS LAKE TAHOE NV,TAH,03/10/23,03/12/23,PHX
HARRAHS LAKE TAHOE NV,TAH,03/11/23,03/15/23,ACT
HARRAHS LAKE TAHOE NV,TAH,03/11/23,03/15/23,ABI
HARRAHS LAKE TAHOE NV,TAH,03/12/23,03/16/23,DFW
HARRAHS LAKE TAHOE NV,TAH,03/13/23,03/17/23,SAN
HARRAHS LAKE TAHOE NV,TAH,03/13/23,03/17/23,PSP
HARRAHS LAKE TAHOE NV,TAH,03/15/23,03/19/23,AUS
HARRAHS LAKE TAHOE NV,TAH,03/15/23,03/20/23,BWI
HARRAHS LAKE TAHOE NV,TAH,03/15/23,03/20/23,STL
HARRAHS LAKE TAHOE NV,TAH,03/16/23,03/21/23,ATL
HARRAHS LAKE TAHOE NV,TAH,03/16/23,03/21/23,BNA
HARRAHS LAKE TAHOE NV,TAH,03/16/23,03/21/23,DTW
HARRAHS LAKE TAHOE NV,TAH,03/16/23,03/21/23,PIT
HARRAHS LAKE TAHOE NV,TAH,03/17/23,03/21/23,DFW
HARRAHS LAKE TAHOE NV,TAH,03/17/23,03/21/23,IAH
HARRAHS LAKE TAHOE NV,TAH,03/17/23,03/22/23,ORD
HARRAHS LAKE TAHOE NV,TAH,03/17/23,03/22/23,TPA
HARRAHS LAKE TAHOE NV,TAH,03/18/23,03/22/23,AUS
HARRAHS LAKE TAHOE NV,TAH,03/19/23,03/23/23,BFM
HARRAHS LAKE TAHOE NV,TAH,03/19/23,03/23/23,CHA
HARRAHS LAKE TAHOE NV,TAH,03/21/23,03/26/23,MCO
HARRAHS LAKE TAHOE NV,TAH,03/22/23,03/27/23,CLT
HARRAHS LAKE TAHOE NV,TAH,03/22/23,03/27/23,EWR
HARRAHS LAKE TAHOE NV,TAH,03/22/23,03/27/23,JFK
HARRAHS LAKE TAHOE NV,TAH,03/22/23,03/27/23,RDU
HARRAHS LAKE TAHOE NV,TAH,03/23/23,03/27/23,MCI
HARRAHS LAKE TAHOE NV,TAH,03/23/23,03/28/23,ATL
HARRAHS LAKE TAHOE NV,TAH,03/24/23,03/27/23,DEN
HARRAHS LAKE TAHOE NV,TAH,03/24/23,03/28/23,OMA
HARRAHS LAKE TAHOE NV,TAH,03/24/23,03/26/23,PHX
HARRAHS LAKE TAHOE NV,TAH,03/24/23,03/26/23,SAN
HARRAHS LAKE TAHOE NV,TAH,03/24/23,03/26/23,SJC
HARRAHS LAKE TAHOE NV,TAH,03/25/23,03/30/23,BWI
HARRAHS LAKE TAHOE NV,TAH,03/25/23,03/29/23,DFW
HARRAHS LAKE TAHOE NV,TAH,03/25/23,03/29/23,IAH
HARRAHS LAKE TAHOE NV,TAH,03/25/23,03/30/23,MCI
HARRAHS LAKE TAHOE NV,TAH,03/27/23,03/31/23,DEN
HARRAHS LAKE TAHOE NV,TAH,03/28/23,04/02/23,ORD
HARRAHS LAKE TAHOE NV,TAH,03/31/23,04/04/23,AMA
HARRAHS LAKE TAHOE NV,TAH,03/31/23,04/04/23,ABQ
HARRAHS LAKE TAHOE NV,TAH,04/04/23,04/08/23,SHV
HARRAHS LAKE TAHOE NV,TAH,04/04/23,04/08/23,GCK
HARRAHS LAKE TAHOE NV,TAH,04/04/23,04/09/23,EWR
HARRAHS LAKE TAHOE NV,TAH,04/04/23,04/09/23,JFK
HARRAHS LAKE TAHOE NV,TAH,04/04/23,04/09/23,MSY
HARRAHS LAKE TAHOE NV,TAH,04/05/23,04/10/23,BWI
HARRAHS LAKE TAHOE NV,TAH,04/05/23,04/09/23,DFW
HARRAHS LAKE TAHOE NV,TAH,04/06/23,04/10/23,IAH
HARRAHS LAKE TAHOE NV,TAH,04/06/23,04/11/23,ATL
HARRAHS LAKE TAHOE NV,TAH,04/06/23,04/11/23,CLE
HARRAHS LAKE TAHOE NV,TAH,04/06/23,04/11/23,CLT
HARRAHS LAKE TAHOE NV,TAH,04/06/23,04/10/23,IAH
HARRAHS LAKE TAHOE NV,TAH,04/06/23,04/11/23,IND
HARRAHS LAKE TAHOE NV,TAH,04/06/23,04/09/23,LGB
HARRAHS LAKE TAHOE NV,TAH,04/07/23,04/11/23,AUS
HARRAHS LAKE TAHOE NV,TAH,04/07/23,04/12/23,BNA
HARRAHS LAKE TAHOE NV,TAH,04/07/23,04/10/23,DEN
HARRAHS LAKE TAHOE NV,TAH,04/07/23,04/10/23,GEG
HARRAHS LAKE TAHOE NV,TAH,04/07/23,04/09/23,LAS
HARRAHS LAKE TAHOE NV,TAH,04/07/23,04/09/23,LAX
HARRAHS LAKE TAHOE NV,TAH,04/07/23,04/12/23,MCI
HARRAHS LAKE TAHOE NV,TAH,04/07/23,04/10/23,OAK
HARRAHS LAKE TAHOE NV,TAH,04/07/23,04/11/23,OMA
HARRAHS LAKE TAHOE NV,TAH,04/07/23,04/09/23,PHX
HARRAHS LAKE TAHOE NV,TAH,04/07/23,04/12/23,PIT
HARRAHS LAKE TAHOE NV,TAH,04/07/23,04/09/23,SAN
HARRAHS LAKE TAHOE NV,TAH,04/07/23,04/11/23,SAT
HARRAHS LAKE TAHOE NV,TAH,04/07/23,04/09/23,SEA
HARRAHS LAKE TAHOE NV,TAH,04/07/23,04/09/23,SJC
HARRAHS LAKE TAHOE NV,TAH,04/08/23,04/12/23,SBN
HARRAHS LAKE TAHOE NV,TAH,04/08/23,04/12/23,FWA
HARRAHS LAKE TAHOE NV,TAH,04/08/23,04/13/23,BHM
HARRAHS LAKE TAHOE NV,TAH,04/09/23,04/14/23,DTW
HARRAHS LAKE TAHOE NV,TAH,04/09/23,04/13/23,OKC
HARRAHS LAKE TAHOE NV,TAH,04/10/23,04/14/23,DFW
HARRAHS LAKE TAHOE NV,TAH,04/12/23,04/16/23,GRB
HARRAHS LAKE TAHOE NV,TAH,04/12/23,04/17/23,BOS
HARRAHS LAKE TAHOE NV,TAH,04/12/23,04/17/23,MCI
HARRAHS LAKE TAHOE NV,TAH,04/13/23,04/18/23,ATL
HARRAHS LAKE TAHOE NV,TAH,04/13/23,04/18/23,BNA
HARRAHS LAKE TAHOE NV,TAH,04/13/23,04/18/23,BWI
HARRAHS LAKE TAHOE NV,TAH,04/13/23,04/18/23,IND
HARRAHS LAKE TAHOE NV,TAH,04/13/23,04/18/23,MCO
HARRAHS LAKE TAHOE NV,TAH,04/13/23,04/18/23,ORD
HARRAHS LAKE TAHOE NV,TAH,04/13/23,04/18/23,PIT
HARRAHS LAKE TAHOE NV,TAH,04/13/23,04/18/23,RDU
HARRAHS LAKE TAHOE NV,TAH,04/13/23,04/16/23,SJC
HARRAHS LAKE TAHOE NV,TAH,04/13/23,04/18/23,TPA
HARRAHS LAKE TAHOE NV,TAH,04/14/23,04/18/23,AUS
HARRAHS LAKE TAHOE NV,TAH,04/14/23,04/17/23,DEN
HARRAHS LAKE TAHOE NV,TAH,04/14/23,04/18/23,ELP
HARRAHS LAKE TAHOE NV,TAH,04/14/23,04/17/23,GEG
HARRAHS LAKE TAHOE NV,TAH,04/14/23,04/17/23,LAS
HARRAHS LAKE TAHOE NV,TAH,04/14/23,04/16/23,LAX
HARRAHS LAKE TAHOE NV,TAH,04/14/23,04/16/23,LGB
HARRAHS LAKE TAHOE NV,TAH,04/14/23,04/16/23,OAK
HARRAHS LAKE TAHOE NV,TAH,04/14/23,04/18/23,OKC
HARRAHS LAKE TAHOE NV,TAH,04/14/23,04/18/23,OMA
HARRAHS LAKE TAHOE NV,TAH,04/14/23,04/16/23,PHX
HARRAHS LAKE TAHOE NV,TAH,04/14/23,04/16/23,SAN
HARRAHS LAKE TAHOE NV,TAH,04/14/23,04/18/23,SAT
HARRAHS LAKE TAHOE NV,TAH,04/14/23,04/16/23,SEA
HARRAHS LAKE TAHOE NV,TAH,04/14/23,04/19/23,STL
HARRAHS LAKE TAHOE NV,TAH,04/16/23,04/20/23,MBS
HARRAHS LAKE TAHOE NV,TAH,04/16/23,04/20/23,GRR
HARRAHS LAKE TAHOE NV,TAH,04/16/23,04/20/23,IAH
HARRAHS LAKE TAHOE NV,TAH,04/17/23,04/22/23,BWI
HARRAHS LAKE TAHOE NV,TAH,04/17/23,04/22/23,IND
HARRAHS LAKE TAHOE NV,TAH,04/18/23,04/22/23,SUX
HARRAHS LAKE TAHOE NV,TAH,04/18/23,04/22/23,FSD
HARRAHS LAKE TAHOE NV,TAH,04/18/23,04/23/23,BHM
HARRAHS LAKE TAHOE NV,TAH,04/18/23,04/23/23,CLT
HARRAHS LAKE TAHOE NV,TAH,04/18/23,04/23/23,MSY
HARRAHS LAKE TAHOE NV,TAH,04/18/23,04/20/23,SEA
HARRAHS LAKE TAHOE NV,TAH,04/19/23,04/24/23,ATL
HARRAHS LAKE TAHOE NV,TAH,04/19/23,04/24/23,DTW
HARRAHS LAKE TAHOE NV,TAH,04/19/23,04/24/23,RDU
HARRAHS LAKE TAHOE NV,TAH,04/19/23,04/24/23,SDF
HARRAHS LAKE TAHOE NV,TAH,04/19/23,04/24/23,STL
HARRAHS LAKE TAHOE NV,TAH,04/20/23,04/24/23,CMH
HARRAHS LAKE TAHOE NV,TAH,04/20/23,04/25/23,BUF
HARRAHS LAKE TAHOE NV,TAH,04/20/23,04/24/23,DFW
HARRAHS LAKE TAHOE NV,TAH,04/20/23,04/25/23,EWR
HARRAHS LAKE TAHOE NV,TAH,04/20/23,04/23/23,GEG
HARRAHS LAKE TAHOE NV,TAH,04/20/23,04/25/23,MCI
HARRAHS LAKE TAHOE NV,TAH,04/20/23,04/25/23,MSY
HARRAHS LAKE TAHOE NV,TAH,04/20/23,04/25/23,ORD
HARRAHS LAKE TAHOE NV,TAH,04/20/23,04/25/23,PIT
HARRAHS LAKE TAHOE NV,TAH,04/21/23,04/25/23,AUS
HARRAHS LAKE TAHOE NV,TAH,04/21/23,04/24/23,DEN
HARRAHS LAKE TAHOE NV,TAH,04/21/23,04/23/23,LAS
HARRAHS LAKE TAHOE NV,TAH,04/21/23,04/24/23,LAX
HARRAHS LAKE TAHOE NV,TAH,04/21/23,04/23/23,LGB
HARRAHS LAKE TAHOE NV,TAH,04/21/23,04/23/23,OAK
HARRAHS LAKE TAHOE NV,TAH,04/21/23,04/23/23,PHX
HARRAHS LAKE TAHOE NV,TAH,04/21/23,04/23/23,SAN
HARRAHS LAKE TAHOE NV,TAH,04/21/23,04/25/23,SAT
HARRAHS LAKE TAHOE NV,TAH,04/21/23,04/23/23,SJC
HARRAHS LAKE TAHOE NV,TAH,04/22/23,04/26/23,FAR
HARRAHS LAKE TAHOE NV,TAH,04/22/23,04/27/23,JFK
HARRAHS LAKE TAHOE NV,TAH,04/22/23,04/26/23,OKC
HARRAHS LAKE TAHOE NV,TAH,04/22/23,04/26/23,OMA
HARRAHS LAKE TAHOE NV,TAH,04/24/23,04/28/23,CLT
HARRAHS LAKE TAHOE NV,TAH,04/24/23,04/29/23,ATL
HARRAHS LAKE TAHOE NV,TAH,04/24/23,04/29/23,BOS
HARRAHS LAKE TAHOE NV,TAH,04/24/23,04/29/23,TPA
HARRAHS LAKE TAHOE NV,TAH,04/25/23,04/30/23,PHL
HARRAHS LAKE TAHOE NV,TAH,04/26/23,04/30/23,LGB
HARRAHS LAKE TAHOE NV,TAH,04/26/23,05/01/23,BNA
HARRAHS LAKE TAHOE NV,TAH,04/26/23,04/30/23,ELP
HARRAHS LAKE TAHOE NV,TAH,04/27/23,05/02/23,BWI
HARRAHS LAKE TAHOE NV,TAH,04/27/23,04/30/23,DEN
HARRAHS LAKE TAHOE NV,TAH,04/27/23,04/30/23,GEG
HARRAHS LAKE TAHOE NV,TAH,04/27/23,05/02/23,MCO
HARRAHS LAKE TAHOE NV,TAH,04/27/23,04/30/23,SAN
HARRAHS LAKE TAHOE NV,TAH,04/28/23,05/02/23,TYS
HARRAHS LAKE TAHOE NV,TAH,04/28/23,05/02/23,DFW
HARRAHS LAKE TAHOE NV,TAH,04/28/23,05/03/23,IND
HARRAHS LAKE TAHOE NV,TAH,04/28/23,04/30/23,LAS
HARRAHS LAKE TAHOE NV,TAH,04/28/23,04/30/23,LAX
HARRAHS LAKE TAHOE NV,TAH,04/28/23,04/30/23,LGB
HARRAHS LAKE TAHOE NV,TAH,04/28/23,05/03/23,MSY
HARRAHS LAKE TAHOE NV,TAH,04/28/23,04/30/23,OAK
HARRAHS LAKE TAHOE NV,TAH,04/28/23,05/02/23,OKC
HARRAHS LAKE TAHOE NV,TAH,04/28/23,05/02/23,OMA
HARRAHS LAKE TAHOE NV,TAH,04/28/23,04/30/23,PHX
HARRAHS LAKE TAHOE NV,TAH,04/28/23,05/02/23,SAT
HARRAHS LAKE TAHOE NV,TAH,04/28/23,04/30/23,SEA
HARRAHS LAKE TAHOE NV,TAH,04/28/23,04/30/23,SJC
HARRAHS LAKE TAHOE NV,TAH,04/30/23,05/04/23,TUL
HARRAHS LAKE TAHOE NV,TAH,04/30/23,05/04/23,LAW
HARRAHS LAKE TAHOE NV,TAH,05/01/23,05/06/23,BUF
HARRAHS LAKE TAHOE NV,TAH,05/01/23,05/06/23,MCI
HARRAHS LAKE TAHOE NV,TAH,05/01/23,05/05/23,OMA
HARRAHS LAKE TAHOE NV,TAH,05/01/23,05/06/23,PIT
HARRAHS LAKE TAHOE NV,TAH,05/01/23,05/06/23,RDU
HARRAHS LAKE TAHOE NV,TAH,05/02/23,05/06/23,BTR
HARRAHS LAKE TAHOE NV,TAH,05/02/23,05/06/23,SJT
HARRAHS LAKE TAHOE NV,TAH,05/03/23,05/08/23,CLE
HARRAHS LAKE TAHOE NV,TAH,05/03/23,05/08/23,EWR
HARRAHS LAKE TAHOE NV,TAH,05/03/23,05/08/23,IND
HARRAHS LAKE TAHOE NV,TAH,05/03/23,05/08/23,ORD
HARRAHS LAKE TAHOE NV,TAH,05/03/23,05/08/23,PHL
HARRAHS LAKE TAHOE NV,TAH,05/03/23,05/08/23,TPA
HARRAHS LAKE TAHOE NV,TAH,05/04/23,05/08/23,GGG
HARRAHS LAKE TAHOE NV,TAH,05/04/23,05/08/23,GRK
HARRAHS LAKE TAHOE NV,TAH,05/04/23,05/09/23,ATL
HARRAHS LAKE TAHOE NV,TAH,05/04/23,05/09/23,CLT
HARRAHS LAKE TAHOE NV,TAH,05/04/23,05/07/23,LAS
HARRAHS LAKE TAHOE NV,TAH,05/04/23,05/08/23,OKC
HARRAHS LAKE TAHOE NV,TAH,05/04/23,05/09/23,RDU
HARRAHS LAKE TAHOE NV,TAH,05/04/23,05/09/23,SDF
HARRAHS LAKE TAHOE NV,TAH,05/05/23,05/09/23,AUS
HARRAHS LAKE TAHOE NV,TAH,05/05/23,05/10/23,BNA
HARRAHS LAKE TAHOE NV,TAH,05/05/23,05/08/23,DEN
HARRAHS LAKE TAHOE NV,TAH,05/05/23,05/09/23,ELP
HARRAHS LAKE TAHOE NV,TAH,05/05/23,05/08/23,GEG
HARRAHS LAKE TAHOE NV,TAH,05/05/23,05/09/23,IAH
HARRAHS LAKE TAHOE NV,TAH,05/05/23,05/07/23,LAX
HARRAHS LAKE TAHOE NV,TAH,05/05/23,05/07/23,LGB
HARRAHS LAKE TAHOE NV,TAH,05/05/23,05/10/23,MSY
HARRAHS LAKE TAHOE NV,TAH,05/05/23,05/07/23,OAK
HARRAHS LAKE TAHOE NV,TAH,05/05/23,05/09/23,OMA
HARRAHS LAKE TAHOE NV,TAH,05/05/23,05/07/23,PHX
HARRAHS LAKE TAHOE NV,TAH,05/05/23,05/07/23,SAN
HARRAHS LAKE TAHOE NV,TAH,05/05/23,05/07/23,SEA
HARRAHS LAKE TAHOE NV,TAH,05/05/23,05/08/23,SJC
HARRAHS LAKE TAHOE NV,TAH,05/06/23,05/10/23,CRP
HARRAHS LAKE TAHOE NV,TAH,05/06/23,05/10/23,MFE
HARRAHS LAKE TAHOE NV,TAH,05/06/23,05/10/23,DFW
HARRAHS LAKE TAHOE NV,TAH,05/06/23,05/11/23,JFK
HARRAHS LAKE TAHOE NV,TAH,05/08/23,05/12/23,DFW
HARRAHS LAKE TAHOE NV,TAH,05/08/23,05/13/23,BWI
HARRAHS LAKE TAHOE NV,TAH,05/08/23,05/12/23,SAT
HARRAHS LAKE TAHOE NV,TAH,05/09/23,05/11/23,SEA
HARRAHS LAKE TAHOE NV,TAH,05/10/23,05/14/23,LBB
HARRAHS LAKE TAHOE NV,TAH,05/10/23,05/14/23,PUB
HARRAHS LAKE TAHOE NV,TAH,05/10/23,05/15/23,DTW
HARRAHS LAKE TAHOE NV,TAH,05/10/23,05/15/23,STL
HARRAHS LAKE TAHOE NV,TAH,05/11/23,05/16/23,BOS
HARRAHS LAKE TAHOE NV,TAH,05/11/23,05/16/23,BUF
HARRAHS LAKE TAHOE NV,TAH,05/11/23,05/14/23,GEG
HARRAHS LAKE TAHOE NV,TAH,05/11/23,05/16/23,MCO
HARRAHS LAKE TAHOE NV,TAH,05/11/23,05/14/23,OAK
HARRAHS LAKE TAHOE NV,TAH,05/11/23,05/16/23,ORD
HARRAHS LAKE TAHOE NV,TAH,05/11/23,05/16/23,PIT
HARRAHS LAKE TAHOE NV,TAH,05/11/23,05/16/23,RDU
HARRAHS LAKE TAHOE NV,TAH,05/12/23,05/16/23,MSY
HARRAHS LAKE TAHOE NV,TAH,05/12/23,05/16/23,AUS
HARRAHS LAKE TAHOE NV,TAH,05/12/23,05/17/23,BNA
HARRAHS LAKE TAHOE NV,TAH,05/12/23,05/15/23,DEN
HARRAHS LAKE TAHOE NV,TAH,05/12/23,05/14/23,LAS
HARRAHS LAKE TAHOE NV,TAH,05/12/23,05/14/23,LAX
HARRAHS LAKE TAHOE NV,TAH,05/12/23,05/15/23,LGB
HARRAHS LAKE TAHOE NV,TAH,05/12/23,05/17/23,MSY
HARRAHS LAKE TAHOE NV,TAH,05/12/23,05/16/23,OKC
HARRAHS LAKE TAHOE NV,TAH,05/12/23,05/16/23,OMA
HARRAHS LAKE TAHOE NV,TAH,05/12/23,05/14/23,PHX
HARRAHS LAKE TAHOE NV,TAH,05/12/23,05/14/23,SAN
HARRAHS LAKE TAHOE NV,TAH,05/12/23,05/16/23,SAT
HARRAHS LAKE TAHOE NV,TAH,05/12/23,05/14/23,SJC
HARRAHS LAKE TAHOE NV,TAH,05/13/23,05/17/23,IAH
HARRAHS LAKE TAHOE NV,TAH,05/13/23,05/18/23,SDF
HARRAHS LAKE TAHOE NV,TAH,05/14/23,05/18/23,ACT
HARRAHS LAKE TAHOE NV,TAH,05/14/23,05/18/23,SGF
HARRAHS LAKE TAHOE NV,TAH,05/14/23,05/19/23,CLT
HARRAHS LAKE TAHOE NV,TAH,05/15/23,05/20/23,ATL
HARRAHS LAKE TAHOE NV,TAH,05/15/23,05/20/23,BHM
HARRAHS LAKE TAHOE NV,TAH,05/15/23,05/20/23,CLE
HARRAHS LAKE TAHOE NV,TAH,05/15/23,05/20/23,IND
HARRAHS LAKE TAHOE NV,TAH,05/16/23,05/21/23,EWR
HARRAHS LAKE TAHOE NV,TAH,05/16/23,05/02/23,MSY
HARRAHS LAKE TAHOE NV,TAH,05/17/23,05/22/23,BNA
HARRAHS LAKE TAHOE NV,TAH,05/17/23,05/22/23,BWI
HARRAHS LAKE TAHOE NV,TAH,05/17/23,05/22/23,MCI
HARRAHS LAKE TAHOE NV,TAH,05/18/23,05/22/23,SAT
HARRAHS LAKE TAHOE NV,TAH,05/18/23,05/22/23,ELP
HARRAHS LAKE TAHOE NV,TAH,05/18/23,05/23/23,STL
HARRAHS LAKE TAHOE NV,TAH,05/19/23,05/22/23,DEN
HARRAHS LAKE TAHOE NV,TAH,05/19/23,05/23/23,DFW
HARRAHS LAKE TAHOE NV,TAH,05/19/23,05/22/23,GEG
HARRAHS LAKE TAHOE NV,TAH,05/19/23,05/23/23,IAH
HARRAHS LAKE TAHOE NV,TAH,05/19/23,05/24/23,IND
HARRAHS LAKE TAHOE NV,TAH,05/19/23,05/21/23,LAS
HARRAHS LAKE TAHOE NV,TAH,05/19/23,05/22/23,LAX
HARRAHS LAKE TAHOE NV,TAH,05/19/23,05/21/23,LGB
HARRAHS LAKE TAHOE NV,TAH,05/19/23,05/21/23,OAK
HARRAHS LAKE TAHOE NV,TAH,05/19/23,05/23/23,OKC
HARRAHS LAKE TAHOE NV,TAH,05/19/23,05/23/23,OMA
HARRAHS LAKE TAHOE NV,TAH,05/19/23,05/24/23,PHL
HARRAHS LAKE TAHOE NV,TAH,05/19/23,05/21/23,PHX
HARRAHS LAKE TAHOE NV,TAH,05/19/23,05/24/23,PIT
HARRAHS LAKE TAHOE NV,TAH,05/19/23,05/24/23,RDU
HARRAHS LAKE TAHOE NV,TAH,05/19/23,05/21/23,SAN
HARRAHS LAKE TAHOE NV,TAH,05/19/23,05/23/23,SAT
HARRAHS LAKE TAHOE NV,TAH,05/19/23,05/21/23,SEA
HARRAHS LAKE TAHOE NV,TAH,05/19/23,05/21/23,SJC
HARRAHS LAKE TAHOE NV,TAH,05/20/23,05/24/23,AUS
HARRAHS LAKE TAHOE NV,TAH,05/20/23,05/25/23,JFK
HARRAHS LAKE TAHOE NV,TAH,05/22/23,05/26/23,MCI
HARRAHS LAKE TAHOE NV,TAH,05/22/23,05/27/23,RDU
HARRAHS LAKE TAHOE NV,TAH,05/23/23,05/28/23,SDF
HARRAHS LAKE TAHOE NV,TAH,05/24/23,05/29/23,ATL
HARRAHS LAKE TAHOE NV,TAH,05/24/23,05/29/23,BUF
HARRAHS LAKE TAHOE NV,TAH,05/24/23,05/29/23,CLT
HARRAHS LAKE TAHOE NV,TAH,05/24/23,05/29/23,DTW
HARRAHS LAKE TAHOE NV,TAH,05/24/23,05/29/23,IND
HARRAHS LAKE TAHOE NV,TAH,05/24/23,05/29/23,ORD
HARRAHS LAKE TAHOE NV,TAH,05/25/23,05/29/23,OKC
HARRAHS LAKE TAHOE NV,TAH,05/25/23,05/28/23,SAN
HARRAHS LAKE TAHOE NV,TAH,05/25/23,05/30/23,STL
HARRAHS LAKE TAHOE NV,TAH,05/25/23,05/30/23,TPA
HARRAHS LAKE TAHOE NV,TAH,05/26/23,05/30/23,MSN
HARRAHS LAKE TAHOE NV,TAH,05/26/23,05/30/23,EAU
HARRAHS LAKE TAHOE NV,TAH,05/26/23,05/30/23,AUS
HARRAHS LAKE TAHOE NV,TAH,05/26/23,05/31/23,BNA
HARRAHS LAKE TAHOE NV,TAH,05/26/23,05/29/23,DEN
HARRAHS LAKE TAHOE NV,TAH,05/26/23,05/29/23,GEG
HARRAHS LAKE TAHOE NV,TAH,05/26/23,05/28/23,LAS
HARRAHS LAKE TAHOE NV,TAH,05/26/23,05/28/23,LAX
HARRAHS LAKE TAHOE NV,TAH,05/26/23,05/28/23,LGB
HARRAHS LAKE TAHOE NV,TAH,05/26/23,05/31/23,MSY
HARRAHS LAKE TAHOE NV,TAH,05/26/23,05/28/23,OAK
HARRAHS LAKE TAHOE NV,TAH,05/26/23,05/28/23,PHX
HARRAHS LAKE TAHOE NV,TAH,05/26/23,05/31/23,PIT
HARRAHS LAKE TAHOE NV,TAH,05/26/23,05/30/23,SAT
HARRAHS LAKE TAHOE NV,TAH,05/26/23,05/28/23,SEA
HARRAHS LAKE TAHOE NV,TAH,05/26/23,05/28/23,SJC
HARRAHS LAKE TAHOE NV,TAH,05/27/23,06/01/23,BHM
HARRAHS LAKE TAHOE NV,TAH,05/31/23,06/05/23,BWI
HARRAHS LAKE TAHOE NV,TAH,05/31/23,06/05/23,MCI
HARRAHS LAKE TAHOE NV,TAH,06/01/23,06/06/23,ATL
HARRAHS LAKE TAHOE NV,TAH,06/01/23,06/06/23,BNA
HARRAHS LAKE TAHOE NV,TAH,06/01/23,06/06/23,CLE
HARRAHS LAKE TAHOE NV,TAH,06/01/23,06/06/23,IND
HARRAHS LAKE TAHOE NV,TAH,06/01/23,06/04/23,LAX
HARRAHS LAKE TAHOE NV,TAH,06/01/23,06/05/23,OKC
HARRAHS LAKE TAHOE NV,TAH,06/01/23,06/06/23,PIT
HARRAHS LAKE TAHOE NV,TAH,06/01/23,06/06/23,RDU
HARRAHS LAKE TAHOE NV,TAH,06/01/23,06/06/23,STL
HARRAHS LAKE TAHOE NV,TAH,06/01/23,06/06/23,TPA
HARRAHS LAKE TAHOE NV,TAH,06/02/23,06/06/23,AUS
HARRAHS LAKE TAHOE NV,TAH,06/02/23,06/07/23,BUF
HARRAHS LAKE TAHOE NV,TAH,06/02/23,06/05/23,DEN
HARRAHS LAKE TAHOE NV,TAH,06/02/23,06/06/23,DFW
HARRAHS LAKE TAHOE NV,TAH,06/02/23,06/07/23,DTW
HARRAHS LAKE TAHOE NV,TAH,06/02/23,06/07/23,EWR
HARRAHS LAKE TAHOE NV,TAH,06/02/23,06/05/23,GEG
HARRAHS LAKE TAHOE NV,TAH,06/02/23,06/06/23,IAH
HARRAHS LAKE TAHOE NV,TAH,06/02/23,06/04/23,LAS
HARRAHS LAKE TAHOE NV,TAH,06/02/23,06/04/23,LGB
HARRAHS LAKE TAHOE NV,TAH,06/02/23,06/07/23,MCO
HARRAHS LAKE TAHOE NV,TAH,06/02/23,06/07/23,MSY
HARRAHS LAKE TAHOE NV,TAH,06/02/23,06/04/23,OAK
HARRAHS LAKE TAHOE NV,TAH,06/02/23,06/04/23,PHX
HARRAHS LAKE TAHOE NV,TAH,06/02/23,06/04/23,SAN
HARRAHS LAKE TAHOE NV,TAH,06/02/23,06/06/23,SAT
HARRAHS LAKE TAHOE NV,TAH,06/02/23,06/04/23,SEA
HARRAHS LAKE TAHOE NV,TAH,06/02/23,06/04/23,SJC
HARRAHS LAKE TAHOE NV,TAH,06/03/23,06/08/23,SDF
HARRAHS LAKE TAHOE NV,TAH,06/04/23,06/09/23,BHM
HARRAHS LAKE TAHOE NV,TAH,06/06/23,06/10/23,OMA
HARRAHS LAKE TAHOE NV,TAH,06/06/23,06/11/23,STL
HARRAHS LAKE TAHOE NV,TAH,06/07/23,06/12/23,BOS
HARRAHS LAKE TAHOE NV,TAH,06/07/23,06/12/23,BWI
HARRAHS LAKE TAHOE NV,TAH,06/07/23,06/12/23,JFK
HARRAHS LAKE TAHOE NV,TAH,06/07/23,06/12/23,MCI
HARRAHS LAKE TAHOE NV,TAH,06/07/23,06/12/23,ORD
HARRAHS LAKE TAHOE NV,TAH,06/07/23,06/12/23,PIT
HARRAHS LAKE TAHOE NV,TAH,06/08/23,06/13/23,BNA
HARRAHS LAKE TAHOE NV,TAH,06/08/23,06/13/23,CLT
HARRAHS LAKE TAHOE NV,TAH,06/08/23,06/13/23,MSY
HARRAHS LAKE TAHOE NV,TAH,06/08/23,06/13/23,PHL
HARRAHS LAKE TAHOE NV,TAH,06/08/23,06/13/23,RDU
HARRAHS LAKE TAHOE NV,TAH,06/08/23,06/13/23,TPA
HARRAHS LAKE TAHOE NV,TAH,06/09/23,06/13/23,AUS
HARRAHS LAKE TAHOE NV,TAH,06/09/23,06/12/23,DEN
HARRAHS LAKE TAHOE NV,TAH,06/09/23,06/13/23,ELP
HARRAHS LAKE TAHOE NV,TAH,06/09/23,06/12/23,GEG
HARRAHS LAKE TAHOE NV,TAH,06/09/23,06/14/23,IND
HARRAHS LAKE TAHOE NV,TAH,06/09/23,06/11/23,LAS
HARRAHS LAKE TAHOE NV,TAH,06/09/23,06/11/23,LAX
HARRAHS LAKE TAHOE NV,TAH,06/09/23,06/11/23,LGB
HARRAHS LAKE TAHOE NV,TAH,06/09/23,06/14/23,MCO
HARRAHS LAKE TAHOE NV,TAH,06/09/23,06/11/23,OAK
HARRAHS LAKE TAHOE NV,TAH,06/09/23,06/13/23,OKC
HARRAHS LAKE TAHOE NV,TAH,06/09/23,06/11/23,PHX
HARRAHS LAKE TAHOE NV,TAH,06/09/23,06/12/23,SAN
HARRAHS LAKE TAHOE NV,TAH,06/09/23,06/13/23,SAT
HARRAHS LAKE TAHOE NV,TAH,06/09/23,06/11/23,SEA
HARRAHS LAKE TAHOE NV,TAH,06/09/23,06/11/23,SJC
HARRAHS LAKE TAHOE NV,TAH,06/10/23,06/15/23,ATL
HARRAHS LAKE TAHOE NV,TAH,06/11/23,06/15/23,IAH
HARRAHS LAKE TAHOE NV,TAH,06/12/23,06/16/23,AUS
HARRAHS LAKE TAHOE NV,TAH,06/12/23,06/17/23,CLE
HARRAHS LAKE TAHOE NV,TAH,06/12/23,06/16/23,SAT
HARRAHS LAKE TAHOE NV,TAH,06/12/23,06/17/23,SDF
HARRAHS LAKE TAHOE NV,TAH,06/14/23,06/19/23,BHM
HARRAHS LAKE TAHOE NV,TAH,06/14/23,06/19/23,BWI
HARRAHS LAKE TAHOE NV,TAH,06/14/23,06/19/23,DTW
HARRAHS LAKE TAHOE NV,TAH,06/14/23,06/19/23,IND
HARRAHS LAKE TAHOE NV,TAH,06/14/23,06/19/23,MCI
HARRAHS LAKE TAHOE NV,TAH,06/14/23,06/19/23,MSY
HARRAHS LAKE TAHOE NV,TAH,06/14/23,06/19/23,STL
HARRAHS LAKE TAHOE NV,TAH,06/15/23,06/20/23,BNA
HARRAHS LAKE TAHOE NV,TAH,06/15/23,06/20/23,CLT
HARRAHS LAKE TAHOE NV,TAH,06/15/23,06/19/23,ELP
HARRAHS LAKE TAHOE NV,TAH,06/15/23,06/18/23,GEG
HARRAHS LAKE TAHOE NV,TAH,06/15/23,06/18/23,OAK
HARRAHS LAKE TAHOE NV,TAH,06/15/23,06/20/23,ORD
HARRAHS LAKE TAHOE NV,TAH,06/16/23,06/19/23,DEN
HARRAHS LAKE TAHOE NV,TAH,06/16/23,06/20/23,IAH
HARRAHS LAKE TAHOE NV,TAH,06/16/23,06/18/23,LAS
HARRAHS LAKE TAHOE NV,TAH,06/16/23,06/18/23,LAX
HARRAHS LAKE TAHOE NV,TAH,06/16/23,06/19/23,LGB
HARRAHS LAKE TAHOE NV,TAH,06/16/23,06/20/23,OKC
HARRAHS LAKE TAHOE NV,TAH,06/16/23,06/20/23,OMA
HARRAHS LAKE TAHOE NV,TAH,06/16/23,06/18/23,PHX
HARRAHS LAKE TAHOE NV,TAH,06/16/23,06/21/23,PIT
HARRAHS LAKE TAHOE NV,TAH,06/16/23,06/21/23,RDU
HARRAHS LAKE TAHOE NV,TAH,06/16/23,06/18/23,SAN
HARRAHS LAKE TAHOE NV,TAH,06/16/23,06/18/23,SEA
HARRAHS LAKE TAHOE NV,TAH,06/16/23,06/18/23,SJC
HARRAHS LAKE TAHOE NV,TAH,06/16/23,06/21/23,TPA
HARRAHS LAKE TAHOE NV,TAH,06/17/23,06/22/23,ATL
HARRAHS LAKE TAHOE NV,TAH,06/17/23,06/21/23,DFW
HARRAHS LAKE TAHOE NV,TAH,06/17/23,06/22/23,EWR
HARRAHS LAKE TAHOE NV,TAH,06/17/23,06/22/23,JFK
HARRAHS LAKE TAHOE NV,TAH,06/19/23,06/24/23,SDF
HARRAHS LAKE TAHOE NV,TAH,06/20/23,06/25/23,BOS
HARRAHS LAKE TAHOE NV,TAH,06/21/23,06/26/23,BWI
HARRAHS LAKE TAHOE NV,TAH,06/21/23,06/26/23,CLT
HARRAHS LAKE TAHOE NV,TAH,06/21/23,06/26/23,MCO
HARRAHS LAKE TAHOE NV,TAH,06/21/23,06/26/23,ORD
HARRAHS LAKE TAHOE NV,TAH,06/22/23,06/27/23,ATL
HARRAHS LAKE TAHOE NV,TAH,06/22/23,06/27/23,CLE
HARRAHS LAKE TAHOE NV,TAH,06/22/23,06/27/23,IND
HARRAHS LAKE TAHOE NV,TAH,06/22/23,06/27/23,MCI
HARRAHS LAKE TAHOE NV,TAH,06/22/23,06/27/23,PHL
HARRAHS LAKE TAHOE NV,TAH,06/22/23,06/27/23,PIT
HARRAHS LAKE TAHOE NV,TAH,06/22/23,06/27/23,RDU
HARRAHS LAKE TAHOE NV,TAH,06/22/23,06/25/23,SJC
HARRAHS LAKE TAHOE NV,TAH,06/22/23,06/27/23,STL
HARRAHS LAKE TAHOE NV,TAH,06/22/23,06/27/23,TPA
HARRAHS LAKE TAHOE NV,TAH,06/23/23,06/27/23,AUS
HARRAHS LAKE TAHOE NV,TAH,06/23/23,06/26/23,DEN
HARRAHS LAKE TAHOE NV,TAH,06/23/23,06/28/23,EWR
HARRAHS LAKE TAHOE NV,TAH,06/23/23,06/26/23,GEG
HARRAHS LAKE TAHOE NV,TAH,06/23/23,06/26/22,LAS
HARRAHS LAKE TAHOE NV,TAH,06/23/23,06/25/23,LAX
HARRAHS LAKE TAHOE NV,TAH,06/23/23,06/25/23,LGB
HARRAHS LAKE TAHOE NV,TAH,06/23/23,06/25/23,OAK
HARRAHS LAKE TAHOE NV,TAH,06/23/23,06/27/23,OKC
HARRAHS LAKE TAHOE NV,TAH,06/23/23,06/25/23,PHX
HARRAHS LAKE TAHOE NV,TAH,06/23/23,06/25/23,SAN
HARRAHS LAKE TAHOE NV,TAH,06/23/23,06/27/23,SAT
HARRAHS LAKE TAHOE NV,TAH,06/24/23,06/29/23,BNA
HARRAHS LAKE TAHOE NV,TAH,06/24/23,06/28/23,DFW
HARRAHS LAKE TAHOE NV,TAH,06/24/23,06/28/23,IAH
HARRAHS LAKE TAHOE NV,TAH,06/24/23,06/28/23,OMA
HARRAHS LAKE TAHOE NV,TAH,06/26/23,07/01/23,BHM
HARRAHS LAKE TAHOE NV,TAH,06/26/23,07/01/23,MSY
HARRAHS LAKE TAHOE NV,TAH,06/27/23,07/02/23,BWI
HARRAHS LAKE TAHOE NV,TAH,06/27/23,06/29/23,SEA
HARRAHS LAKE TAHOE NV,TAH,,,
HARRAHS LAKE TAHOE NV,TAH,,,
SILVER LEGACY RENO NV,TRW,02/22/23,02/27/23,JFK
SILVER LEGACY RENO NV,TRW,02/22/23,02/27/23,SDF
SILVER LEGACY RENO NV,TRW,02/22/23,02/27/23,TPA
SILVER LEGACY RENO NV,TRW,02/23/23,02/28/23,ATL
SILVER LEGACY RENO NV,TRW,02/23/23,02/28/23,BUF
SILVER LEGACY RENO NV,TRW,02/23/23,02/28/23,CLT
SILVER LEGACY RENO NV,TRW,02/24/23,02/27/23,DEN
SILVER LEGACY RENO NV,TRW,02/26/23,03/03/23,MSY
SILVER LEGACY RENO NV,TRW,02/26/23,03/03/23,RDU
SILVER LEGACY RENO NV,TRW,02/26/23,03/03/23,STL
SILVER LEGACY RENO NV,TRW,02/27/23,03/03/23,SAT
SILVER LEGACY RENO NV,TRW,02/27/23,03/04/23,DTW
SILVER LEGACY RENO NV,TRW,02/28/23,03/05/23,EWR
SILVER LEGACY RENO NV,TRW,03/01/23,03/06/23,BHM
SILVER LEGACY RENO NV,TRW,03/01/23,03/06/23,BWI
SILVER LEGACY RENO NV,TRW,03/01/23,03/06/23,CLE
SILVER LEGACY RENO NV,TRW,03/01/23,03/06/23,IND
SILVER LEGACY RENO NV,TRW,03/01/23,03/06/23,MCI
SILVER LEGACY RENO NV,TRW,03/02/23,03/06/23,AUS
SILVER LEGACY RENO NV,TRW,03/02/23,03/07/23,CLT
SILVER LEGACY RENO NV,TRW,03/02/23,03/07/23,JFK
SILVER LEGACY RENO NV,TRW,03/02/23,03/07/23,MCO
SILVER LEGACY RENO NV,TRW,03/02/23,03/07/23,ORD
SILVER LEGACY RENO NV,TRW,03/02/23,03/07/23,PHL
SILVER LEGACY RENO NV,TRW,03/03/23,03/07/23,SHV
SILVER LEGACY RENO NV,TRW,03/03/23,03/07/23,COS
SILVER LEGACY RENO NV,TRW,03/03/23,03/07/23,DFW
SILVER LEGACY RENO NV,TRW,03/03/23,03/07/23,IAH
SILVER LEGACY RENO NV,TRW,03/03/23,03/07/23,OKC
SILVER LEGACY RENO NV,TRW,03/04/23,03/09/23,ATL
SILVER LEGACY RENO NV,TRW,03/05/23,03/09/23,BLI
SILVER LEGACY RENO NV,TRW,03/07/23,03/11/23,HRL
SILVER LEGACY RENO NV,TRW,03/08/23,03/13/23,EWR
SILVER LEGACY RENO NV,TRW,03/09/23,03/14/23,BOS
SILVER LEGACY RENO NV,TRW,03/09/23,03/13/23,OMA
SILVER LEGACY RENO NV,TRW,03/09/23,03/13/23,SAT
SILVER LEGACY RENO NV,TRW,03/10/23,03/13/23,DEN
SILVER LEGACY RENO NV,TRW,03/10/23,03/15/23,MSY
SILVER LEGACY RENO NV,TRW,03/10/23,03/12/23,PHX
SILVER LEGACY RENO NV,TRW,03/11/23,03/15/23,ACT
SILVER LEGACY RENO NV,TRW,03/11/23,03/15/23,ABI
SILVER LEGACY RENO NV,TRW,03/12/23,03/16/23,DFW
SILVER LEGACY RENO NV,TRW,03/13/23,03/17/23,SAN
SILVER LEGACY RENO NV,TRW,03/13/23,03/17/23,PSP
SILVER LEGACY RENO NV,TRW,03/15/23,03/19/23,AUS
SILVER LEGACY RENO NV,TRW,03/15/23,03/20/23,BWI
SILVER LEGACY RENO NV,TRW,03/15/23,03/20/23,STL
SILVER LEGACY RENO NV,TRW,03/16/23,03/21/23,ATL
SILVER LEGACY RENO NV,TRW,03/16/23,03/21/23,BNA
SILVER LEGACY RENO NV,TRW,03/16/23,03/21/23,DTW
SILVER LEGACY RENO NV,TRW,03/16/23,03/21/23,PIT
SILVER LEGACY RENO NV,TRW,03/17/23,03/21/23,DFW
SILVER LEGACY RENO NV,TRW,03/17/23,03/21/23,IAH
SILVER LEGACY RENO NV,TRW,03/17/23,03/22/23,ORD
SILVER LEGACY RENO NV,TRW,03/17/23,03/22/23,TPA
SILVER LEGACY RENO NV,TRW,03/18/23,03/22/23,AUS
SILVER LEGACY RENO NV,TRW,03/19/23,03/23/23,BFM
SILVER LEGACY RENO NV,TRW,03/19/23,03/23/23,CHA
SILVER LEGACY RENO NV,TRW,03/21/23,03/26/23,MCO
SILVER LEGACY RENO NV,TRW,03/22/23,03/27/23,CLT
SILVER LEGACY RENO NV,TRW,03/22/23,03/27/23,EWR
SILVER LEGACY RENO NV,TRW,03/22/23,03/27/23,JFK
SILVER LEGACY RENO NV,TRW,03/22/23,03/27/23,RDU
SILVER LEGACY RENO NV,TRW,03/23/23,03/27/23,MCI
SILVER LEGACY RENO NV,TRW,03/23/23,03/28/23,ATL
SILVER LEGACY RENO NV,TRW,03/24/23,03/27/23,DEN
SILVER LEGACY RENO NV,TRW,03/24/23,03/28/23,OMA
SILVER LEGACY RENO NV,TRW,03/24/23,03/26/23,PHX
SILVER LEGACY RENO NV,TRW,03/24/23,03/26/23,SAN
SILVER LEGACY RENO NV,TRW,03/24/23,03/26/23,SJC
SILVER LEGACY RENO NV,TRW,03/25/23,03/30/23,BWI
SILVER LEGACY RENO NV,TRW,03/25/23,03/29/23,DFW
SILVER LEGACY RENO NV,TRW,03/25/23,03/29/23,IAH
SILVER LEGACY RENO NV,TRW,03/25/23,03/30/23,MCI
SILVER LEGACY RENO NV,TRW,03/27/23,03/31/23,DEN
SILVER LEGACY RENO NV,TRW,03/28/23,04/02/23,ORD
SILVER LEGACY RENO NV,TRW,03/31/23,04/04/23,AMA
SILVER LEGACY RENO NV,TRW,03/31/23,04/04/23,ABQ
SILVER LEGACY RENO NV,TRW,04/04/23,04/08/23,SHV
SILVER LEGACY RENO NV,TRW,04/04/23,04/08/23,GCK
SILVER LEGACY RENO NV,TRW,04/04/23,04/09/23,EWR
SILVER LEGACY RENO NV,TRW,04/04/23,04/09/23,JFK
SILVER LEGACY RENO NV,TRW,04/04/23,04/09/23,MSY
SILVER LEGACY RENO NV,TRW,04/05/23,04/10/23,BWI
SILVER LEGACY RENO NV,TRW,04/05/23,04/09/23,DFW
SILVER LEGACY RENO NV,TRW,04/06/23,04/10/23,IAH
SILVER LEGACY RENO NV,TRW,04/06/23,04/11/23,ATL
SILVER LEGACY RENO NV,TRW,04/06/23,04/11/23,CLE
SILVER LEGACY RENO NV,TRW,04/06/23,04/11/23,CLT
SILVER LEGACY RENO NV,TRW,04/06/23,04/10/23,IAH
SILVER LEGACY RENO NV,TRW,04/06/23,04/11/23,IND
SILVER LEGACY RENO NV,TRW,04/06/23,04/09/23,LGB
SILVER LEGACY RENO NV,TRW,04/07/23,04/11/23,AUS
SILVER LEGACY RENO NV,TRW,04/07/23,04/12/23,BNA
SILVER LEGACY RENO NV,TRW,04/07/23,04/10/23,DEN
SILVER LEGACY RENO NV,TRW,04/07/23,04/10/23,GEG
SILVER LEGACY RENO NV,TRW,04/07/23,04/09/23,LAS
SILVER LEGACY RENO NV,TRW,04/07/23,04/09/23,LAX
SILVER LEGACY RENO NV,TRW,04/07/23,04/12/23,MCI
SILVER LEGACY RENO NV,TRW,04/07/23,04/10/23,OAK
SILVER LEGACY RENO NV,TRW,04/07/23,04/11/23,OMA
SILVER LEGACY RENO NV,TRW,04/07/23,04/09/23,PHX
SILVER LEGACY RENO NV,TRW,04/07/23,04/12/23,PIT
SILVER LEGACY RENO NV,TRW,04/07/23,04/09/23,SAN
SILVER LEGACY RENO NV,TRW,04/07/23,04/11/23,SAT
SILVER LEGACY RENO NV,TRW,04/07/23,04/09/23,SEA
SILVER LEGACY RENO NV,TRW,04/07/23,04/09/23,SJC
SILVER LEGACY RENO NV,TRW,04/08/23,04/12/23,SBN
SILVER LEGACY RENO NV,TRW,04/08/23,04/12/23,FWA
SILVER LEGACY RENO NV,TRW,04/08/23,04/13/23,BHM
SILVER LEGACY RENO NV,TRW,04/09/23,04/14/23,DTW
SILVER LEGACY RENO NV,TRW,04/09/23,04/13/23,OKC
SILVER LEGACY RENO NV,TRW,04/10/23,04/14/23,DFW
SILVER LEGACY RENO NV,TRW,04/12/23,04/16/23,GRB
SILVER LEGACY RENO NV,TRW,04/12/23,04/17/23,BOS
SILVER LEGACY RENO NV,TRW,04/12/23,04/17/23,MCI
SILVER LEGACY RENO NV,TRW,04/13/23,04/18/23,ATL
SILVER LEGACY RENO NV,TRW,04/13/23,04/18/23,BNA
SILVER LEGACY RENO NV,TRW,04/13/23,04/18/23,BWI
SILVER LEGACY RENO NV,TRW,04/13/23,04/18/23,IND
SILVER LEGACY RENO NV,TRW,04/13/23,04/18/23,MCO
SILVER LEGACY RENO NV,TRW,04/13/23,04/18/23,ORD
SILVER LEGACY RENO NV,TRW,04/13/23,04/18/23,PIT
SILVER LEGACY RENO NV,TRW,04/13/23,04/18/23,RDU
SILVER LEGACY RENO NV,TRW,04/13/23,04/16/23,SJC
SILVER LEGACY RENO NV,TRW,04/13/23,04/18/23,TPA
SILVER LEGACY RENO NV,TRW,04/14/23,04/18/23,AUS
SILVER LEGACY RENO NV,TRW,04/14/23,04/17/23,DEN
SILVER LEGACY RENO NV,TRW,04/14/23,04/18/23,ELP
SILVER LEGACY RENO NV,TRW,04/14/23,04/17/23,GEG
SILVER LEGACY RENO NV,TRW,04/14/23,04/17/23,LAS
SILVER LEGACY RENO NV,TRW,04/14/23,04/16/23,LAX
SILVER LEGACY RENO NV,TRW,04/14/23,04/16/23,LGB
SILVER LEGACY RENO NV,TRW,04/14/23,04/16/23,OAK
SILVER LEGACY RENO NV,TRW,04/14/23,04/18/23,OKC
SILVER LEGACY RENO NV,TRW,04/14/23,04/18/23,OMA
SILVER LEGACY RENO NV,TRW,04/14/23,04/16/23,PHX
SILVER LEGACY RENO NV,TRW,04/14/23,04/16/23,SAN
SILVER LEGACY RENO NV,TRW,04/14/23,04/18/23,SAT
SILVER LEGACY RENO NV,TRW,04/14/23,04/16/23,SEA
SILVER LEGACY RENO NV,TRW,04/14/23,04/19/23,STL
SILVER LEGACY RENO NV,TRW,04/16/23,04/20/23,MBS
SILVER LEGACY RENO NV,TRW,04/16/23,04/20/23,GRR
SILVER LEGACY RENO NV,TRW,04/16/23,04/20/23,IAH
SILVER LEGACY RENO NV,TRW,04/17/23,04/22/23,BWI
SILVER LEGACY RENO NV,TRW,04/17/23,04/22/23,IND
SILVER LEGACY RENO NV,TRW,04/18/23,04/22/23,SUX
SILVER LEGACY RENO NV,TRW,04/18/23,04/22/23,FSD
SILVER LEGACY RENO NV,TRW,04/18/23,04/23/23,BHM
SILVER LEGACY RENO NV,TRW,04/18/23,04/23/23,CLT
SILVER LEGACY RENO NV,TRW,04/18/23,04/23/23,MSY
SILVER LEGACY RENO NV,TRW,04/18/23,04/20/23,SEA
SILVER LEGACY RENO NV,TRW,04/19/23,04/24/23,ATL
SILVER LEGACY RENO NV,TRW,04/19/23,04/24/23,DTW
SILVER LEGACY RENO NV,TRW,04/19/23,04/24/23,RDU
SILVER LEGACY RENO NV,TRW,04/19/23,04/24/23,SDF
SILVER LEGACY RENO NV,TRW,04/19/23,04/24/23,STL
SILVER LEGACY RENO NV,TRW,04/20/23,04/24/23,CMH
SILVER LEGACY RENO NV,TRW,04/20/23,04/25/23,BUF
SILVER LEGACY RENO NV,TRW,04/20/23,04/24/23,DFW
SILVER LEGACY RENO NV,TRW,04/20/23,04/25/23,EWR
SILVER LEGACY RENO NV,TRW,04/20/23,04/23/23,GEG
SILVER LEGACY RENO NV,TRW,04/20/23,04/25/23,MCI
SILVER LEGACY RENO NV,TRW,04/20/23,04/25/23,MSY
SILVER LEGACY RENO NV,TRW,04/20/23,04/25/23,ORD
SILVER LEGACY RENO NV,TRW,04/20/23,04/25/23,PIT
SILVER LEGACY RENO NV,TRW,04/21/23,04/25/23,AUS
SILVER LEGACY RENO NV,TRW,04/21/23,04/24/23,DEN
SILVER LEGACY RENO NV,TRW,04/21/23,04/23/23,LAS
SILVER LEGACY RENO NV,TRW,04/21/23,04/24/23,LAX
SILVER LEGACY RENO NV,TRW,04/21/23,04/23/23,LGB
SILVER LEGACY RENO NV,TRW,04/21/23,04/23/23,OAK
SILVER LEGACY RENO NV,TRW,04/21/23,04/23/23,PHX
SILVER LEGACY RENO NV,TRW,04/21/23,04/23/23,SAN
SILVER LEGACY RENO NV,TRW,04/21/23,04/25/23,SAT
SILVER LEGACY RENO NV,TRW,04/21/23,04/23/23,SJC
SILVER LEGACY RENO NV,TRW,04/22/23,04/26/23,FAR
SILVER LEGACY RENO NV,TRW,04/22/23,04/27/23,JFK
SILVER LEGACY RENO NV,TRW,04/22/23,04/26/23,OKC
SILVER LEGACY RENO NV,TRW,04/22/23,04/26/23,OMA
SILVER LEGACY RENO NV,TRW,04/24/23,04/28/23,CLT
SILVER LEGACY RENO NV,TRW,04/24/23,04/29/23,ATL
SILVER LEGACY RENO NV,TRW,04/24/23,04/29/23,BOS
SILVER LEGACY RENO NV,TRW,04/24/23,04/29/23,TPA
SILVER LEGACY RENO NV,TRW,04/25/23,04/30/23,PHL
SILVER LEGACY RENO NV,TRW,04/26/23,04/30/23,LGB
SILVER LEGACY RENO NV,TRW,04/26/23,05/01/23,BNA
SILVER LEGACY RENO NV,TRW,04/26/23,04/30/23,ELP
SILVER LEGACY RENO NV,TRW,04/27/23,05/02/23,BWI
SILVER LEGACY RENO NV,TRW,04/27/23,04/30/23,DEN
SILVER LEGACY RENO NV,TRW,04/27/23,04/30/23,GEG
SILVER LEGACY RENO NV,TRW,04/27/23,05/02/23,MCO
SILVER LEGACY RENO NV,TRW,04/27/23,04/30/23,SAN
SILVER LEGACY RENO NV,TRW,04/28/23,05/02/23,TYS
SILVER LEGACY RENO NV,TRW,04/28/23,05/02/23,DFW
SILVER LEGACY RENO NV,TRW,04/28/23,05/03/23,IND
SILVER LEGACY RENO NV,TRW,04/28/23,04/30/23,LAS
SILVER LEGACY RENO NV,TRW,04/28/23,04/30/23,LAX
SILVER LEGACY RENO NV,TRW,04/28/23,04/30/23,LGB
SILVER LEGACY RENO NV,TRW,04/28/23,05/03/23,MSY
SILVER LEGACY RENO NV,TRW,04/28/23,04/30/23,OAK
SILVER LEGACY RENO NV,TRW,04/28/23,05/02/23,OKC
SILVER LEGACY RENO NV,TRW,04/28/23,05/02/23,OMA
SILVER LEGACY RENO NV,TRW,04/28/23,04/30/23,PHX
SILVER LEGACY RENO NV,TRW,04/28/23,05/02/23,SAT
SILVER LEGACY RENO NV,TRW,04/28/23,04/30/23,SEA
SILVER LEGACY RENO NV,TRW,04/28/23,04/30/23,SJC
SILVER LEGACY RENO NV,TRW,04/30/23,05/04/23,TUL
SILVER LEGACY RENO NV,TRW,04/30/23,05/04/23,LAW
SILVER LEGACY RENO NV,TRW,05/01/23,05/06/23,BUF
SILVER LEGACY RENO NV,TRW,05/01/23,05/06/23,MCI
SILVER LEGACY RENO NV,TRW,05/01/23,05/05/23,OMA
SILVER LEGACY RENO NV,TRW,05/01/23,05/06/23,PIT
SILVER LEGACY RENO NV,TRW,05/01/23,05/06/23,RDU
SILVER LEGACY RENO NV,TRW,05/02/23,05/06/23,BTR
SILVER LEGACY RENO NV,TRW,05/02/23,05/06/23,SJT
SILVER LEGACY RENO NV,TRW,05/03/23,05/08/23,CLE
SILVER LEGACY RENO NV,TRW,05/03/23,05/08/23,EWR
SILVER LEGACY RENO NV,TRW,05/03/23,05/08/23,IND
SILVER LEGACY RENO NV,TRW,05/03/23,05/08/23,ORD
SILVER LEGACY RENO NV,TRW,05/03/23,05/08/23,PHL
SILVER LEGACY RENO NV,TRW,05/03/23,05/08/23,TPA
SILVER LEGACY RENO NV,TRW,05/04/23,05/08/23,GGG
SILVER LEGACY RENO NV,TRW,05/04/23,05/08/23,GRK
SILVER LEGACY RENO NV,TRW,05/04/23,05/09/23,ATL
SILVER LEGACY RENO NV,TRW,05/04/23,05/09/23,CLT
SILVER LEGACY RENO NV,TRW,05/04/23,05/07/23,LAS
SILVER LEGACY RENO NV,TRW,05/04/23,05/08/23,OKC
SILVER LEGACY RENO NV,TRW,05/04/23,05/09/23,RDU
SILVER LEGACY RENO NV,TRW,05/04/23,05/09/23,SDF
SILVER LEGACY RENO NV,TRW,05/05/23,05/09/23,AUS
SILVER LEGACY RENO NV,TRW,05/05/23,05/10/23,BNA
SILVER LEGACY RENO NV,TRW,05/05/23,05/08/23,DEN
SILVER LEGACY RENO NV,TRW,05/05/23,05/09/23,ELP
SILVER LEGACY RENO NV,TRW,05/05/23,05/08/23,GEG
SILVER LEGACY RENO NV,TRW,05/05/23,05/09/23,IAH
SILVER LEGACY RENO NV,TRW,05/05/23,05/07/23,LAX
SILVER LEGACY RENO NV,TRW,05/05/23,05/07/23,LGB
SILVER LEGACY RENO NV,TRW,05/05/23,05/10/23,MSY
SILVER LEGACY RENO NV,TRW,05/05/23,05/07/23,OAK
SILVER LEGACY RENO NV,TRW,05/05/23,05/09/23,OMA
SILVER LEGACY RENO NV,TRW,05/05/23,05/07/23,PHX
SILVER LEGACY RENO NV,TRW,05/05/23,05/07/23,SAN
SILVER LEGACY RENO NV,TRW,05/05/23,05/07/23,SEA
SILVER LEGACY RENO NV,TRW,05/05/23,05/08/23,SJC
SILVER LEGACY RENO NV,TRW,05/06/23,05/10/23,CRP
SILVER LEGACY RENO NV,TRW,05/06/23,05/10/23,MFE
SILVER LEGACY RENO NV,TRW,05/06/23,05/10/23,DFW
SILVER LEGACY RENO NV,TRW,05/06/23,05/11/23,JFK
SILVER LEGACY RENO NV,TRW,05/08/23,05/12/23,DFW
SILVER LEGACY RENO NV,TRW,05/08/23,05/13/23,BWI
SILVER LEGACY RENO NV,TRW,05/08/23,05/12/23,SAT
SILVER LEGACY RENO NV,TRW,05/09/23,05/11/23,SEA
SILVER LEGACY RENO NV,TRW,05/10/23,05/14/23,LBB
SILVER LEGACY RENO NV,TRW,05/10/23,05/14/23,PUB
SILVER LEGACY RENO NV,TRW,05/10/23,05/15/23,DTW
SILVER LEGACY RENO NV,TRW,05/10/23,05/15/23,STL
SILVER LEGACY RENO NV,TRW,05/11/23,05/16/23,BOS
SILVER LEGACY RENO NV,TRW,05/11/23,05/16/23,BUF
SILVER LEGACY RENO NV,TRW,05/11/23,05/14/23,GEG
SILVER LEGACY RENO NV,TRW,05/11/23,05/16/23,MCO
SILVER LEGACY RENO NV,TRW,05/11/23,05/14/23,OAK
SILVER LEGACY RENO NV,TRW,05/11/23,05/16/23,ORD
SILVER LEGACY RENO NV,TRW,05/11/23,05/16/23,PIT
SILVER LEGACY RENO NV,TRW,05/11/23,05/16/23,RDU
SILVER LEGACY RENO NV,TRW,05/12/23,05/16/23,MSY
SILVER LEGACY RENO NV,TRW,05/12/23,05/16/23,AUS
SILVER LEGACY RENO NV,TRW,05/12/23,05/17/23,BNA
SILVER LEGACY RENO NV,TRW,05/12/23,05/15/23,DEN
SILVER LEGACY RENO NV,TRW,05/12/23,05/14/23,LAS
SILVER LEGACY RENO NV,TRW,05/12/23,05/14/23,LAX
SILVER LEGACY RENO NV,TRW,05/12/23,05/15/23,LGB
SILVER LEGACY RENO NV,TRW,05/12/23,05/17/23,MSY
SILVER LEGACY RENO NV,TRW,05/12/23,05/16/23,OKC
SILVER LEGACY RENO NV,TRW,05/12/23,05/16/23,OMA
SILVER LEGACY RENO NV,TRW,05/12/23,05/14/23,PHX
SILVER LEGACY RENO NV,TRW,05/12/23,05/14/23,SAN
SILVER LEGACY RENO NV,TRW,05/12/23,05/16/23,SAT
SILVER LEGACY RENO NV,TRW,05/12/23,05/14/23,SJC
SILVER LEGACY RENO NV,TRW,05/13/23,05/17/23,IAH
SILVER LEGACY RENO NV,TRW,05/13/23,05/18/23,SDF
SILVER LEGACY RENO NV,TRW,05/14/23,05/18/23,ACT
SILVER LEGACY RENO NV,TRW,05/14/23,05/18/23,SGF
SILVER LEGACY RENO NV,TRW,05/14/23,05/19/23,CLT
SILVER LEGACY RENO NV,TRW,05/15/23,05/20/23,ATL
SILVER LEGACY RENO NV,TRW,05/15/23,05/20/23,BHM
SILVER LEGACY RENO NV,TRW,05/15/23,05/20/23,CLE
SILVER LEGACY RENO NV,TRW,05/15/23,05/20/23,IND
SILVER LEGACY RENO NV,TRW,05/16/23,05/21/23,EWR
SILVER LEGACY RENO NV,TRW,05/16/23,05/02/23,MSY
SILVER LEGACY RENO NV,TRW,05/17/23,05/22/23,BNA
SILVER LEGACY RENO NV,TRW,05/17/23,05/22/23,BWI
SILVER LEGACY RENO NV,TRW,05/17/23,05/22/23,MCI
SILVER LEGACY RENO NV,TRW,05/18/23,05/22/23,SAT
SILVER LEGACY RENO NV,TRW,05/18/23,05/22/23,ELP
SILVER LEGACY RENO NV,TRW,05/18/23,05/23/23,STL
SILVER LEGACY RENO NV,TRW,05/19/23,05/22/23,DEN
SILVER LEGACY RENO NV,TRW,05/19/23,05/23/23,DFW
SILVER LEGACY RENO NV,TRW,05/19/23,05/22/23,GEG
SILVER LEGACY RENO NV,TRW,05/19/23,05/23/23,IAH
SILVER LEGACY RENO NV,TRW,05/19/23,05/24/23,IND
SILVER LEGACY RENO NV,TRW,05/19/23,05/21/23,LAS
SILVER LEGACY RENO NV,TRW,05/19/23,05/22/23,LAX
SILVER LEGACY RENO NV,TRW,05/19/23,05/21/23,LGB
SILVER LEGACY RENO NV,TRW,05/19/23,05/21/23,OAK
SILVER LEGACY RENO NV,TRW,05/19/23,05/23/23,OKC
SILVER LEGACY RENO NV,TRW,05/19/23,05/23/23,OMA
SILVER LEGACY RENO NV,TRW,05/19/23,05/24/23,PHL
SILVER LEGACY RENO NV,TRW,05/19/23,05/21/23,PHX
SILVER LEGACY RENO NV,TRW,05/19/23,05/24/23,PIT
SILVER LEGACY RENO NV,TRW,05/19/23,05/24/23,RDU
SILVER LEGACY RENO NV,TRW,05/19/23,05/21/23,SAN
SILVER LEGACY RENO NV,TRW,05/19/23,05/23/23,SAT
SILVER LEGACY RENO NV,TRW,05/19/23,05/21/23,SEA
SILVER LEGACY RENO NV,TRW,05/19/23,05/21/23,SJC
SILVER LEGACY RENO NV,TRW,05/20/23,05/24/23,AUS
SILVER LEGACY RENO NV,TRW,05/20/23,05/25/23,JFK
SILVER LEGACY RENO NV,TRW,05/22/23,05/26/23,MCI
SILVER LEGACY RENO NV,TRW,05/22/23,05/27/23,RDU
SILVER LEGACY RENO NV,TRW,05/23/23,05/28/23,SDF
SILVER LEGACY RENO NV,TRW,05/24/23,05/29/23,ATL
SILVER LEGACY RENO NV,TRW,05/24/23,05/29/23,BUF
SILVER LEGACY RENO NV,TRW,05/24/23,05/29/23,CLT
SILVER LEGACY RENO NV,TRW,05/24/23,05/29/23,DTW
SILVER LEGACY RENO NV,TRW,05/24/23,05/29/23,IND
SILVER LEGACY RENO NV,TRW,05/24/23,05/29/23,ORD
SILVER LEGACY RENO NV,TRW,05/25/23,05/29/23,OKC
SILVER LEGACY RENO NV,TRW,05/25/23,05/28/23,SAN
SILVER LEGACY RENO NV,TRW,05/25/23,05/30/23,STL
SILVER LEGACY RENO NV,TRW,05/25/23,05/30/23,TPA
SILVER LEGACY RENO NV,TRW,05/26/23,05/30/23,MSN
SILVER LEGACY RENO NV,TRW,05/26/23,05/30/23,EAU
SILVER LEGACY RENO NV,TRW,05/26/23,05/30/23,AUS
SILVER LEGACY RENO NV,TRW,05/26/23,05/31/23,BNA
SILVER LEGACY RENO NV,TRW,05/26/23,05/29/23,DEN
SILVER LEGACY RENO NV,TRW,05/26/23,05/29/23,GEG
SILVER LEGACY RENO NV,TRW,05/26/23,05/28/23,LAS
SILVER LEGACY RENO NV,TRW,05/26/23,05/28/23,LAX
SILVER LEGACY RENO NV,TRW,05/26/23,05/28/23,LGB
SILVER LEGACY RENO NV,TRW,05/26/23,05/31/23,MSY
SILVER LEGACY RENO NV,TRW,05/26/23,05/28/23,OAK
SILVER LEGACY RENO NV,TRW,05/26/23,05/28/23,PHX
SILVER LEGACY RENO NV,TRW,05/26/23,05/31/23,PIT
SILVER LEGACY RENO NV,TRW,05/26/23,05/30/23,SAT
SILVER LEGACY RENO NV,TRW,05/26/23,05/28/23,SEA
SILVER LEGACY RENO NV,TRW,05/26/23,05/28/23,SJC
SILVER LEGACY RENO NV,TRW,05/27/23,06/01/23,BHM
SILVER LEGACY RENO NV,TRW,05/31/23,06/05/23,BWI
SILVER LEGACY RENO NV,TRW,05/31/23,06/05/23,MCI
SILVER LEGACY RENO NV,TRW,06/01/23,06/06/23,ATL
SILVER LEGACY RENO NV,TRW,06/01/23,06/06/23,BNA
SILVER LEGACY RENO NV,TRW,06/01/23,06/06/23,CLE
SILVER LEGACY RENO NV,TRW,06/01/23,06/06/23,IND
SILVER LEGACY RENO NV,TRW,06/01/23,06/04/23,LAX
SILVER LEGACY RENO NV,TRW,06/01/23,06/05/23,OKC
SILVER LEGACY RENO NV,TRW,06/01/23,06/06/23,PIT
SILVER LEGACY RENO NV,TRW,06/01/23,06/06/23,RDU
SILVER LEGACY RENO NV,TRW,06/01/23,06/06/23,STL
SILVER LEGACY RENO NV,TRW,06/01/23,06/06/23,TPA
SILVER LEGACY RENO NV,TRW,06/02/23,06/06/23,AUS
SILVER LEGACY RENO NV,TRW,06/02/23,06/07/23,BUF
SILVER LEGACY RENO NV,TRW,06/02/23,06/05/23,DEN
SILVER LEGACY RENO NV,TRW,06/02/23,06/06/23,DFW
SILVER LEGACY RENO NV,TRW,06/02/23,06/07/23,DTW
SILVER LEGACY RENO NV,TRW,06/02/23,06/07/23,EWR
SILVER LEGACY RENO NV,TRW,06/02/23,06/05/23,GEG
SILVER LEGACY RENO NV,TRW,06/02/23,06/06/23,IAH
SILVER LEGACY RENO NV,TRW,06/02/23,06/04/23,LAS
SILVER LEGACY RENO NV,TRW,06/02/23,06/04/23,LGB
SILVER LEGACY RENO NV,TRW,06/02/23,06/07/23,MCO
SILVER LEGACY RENO NV,TRW,06/02/23,06/07/23,MSY
SILVER LEGACY RENO NV,TRW,06/02/23,06/04/23,OAK
SILVER LEGACY RENO NV,TRW,06/02/23,06/04/23,PHX
SILVER LEGACY RENO NV,TRW,06/02/23,06/04/23,SAN
SILVER LEGACY RENO NV,TRW,06/02/23,06/06/23,SAT
SILVER LEGACY RENO NV,TRW,06/02/23,06/04/23,SEA
SILVER LEGACY RENO NV,TRW,06/02/23,06/04/23,SJC
SILVER LEGACY RENO NV,TRW,06/03/23,06/08/23,SDF
SILVER LEGACY RENO NV,TRW,06/04/23,06/09/23,BHM
SILVER LEGACY RENO NV,TRW,06/06/23,06/10/23,OMA
SILVER LEGACY RENO NV,TRW,06/06/23,06/11/23,STL
SILVER LEGACY RENO NV,TRW,06/07/23,06/12/23,BOS
SILVER LEGACY RENO NV,TRW,06/07/23,06/12/23,BWI
SILVER LEGACY RENO NV,TRW,06/07/23,06/12/23,JFK
SILVER LEGACY RENO NV,TRW,06/07/23,06/12/23,MCI
SILVER LEGACY RENO NV,TRW,06/07/23,06/12/23,ORD
SILVER LEGACY RENO NV,TRW,06/07/23,06/12/23,PIT
SILVER LEGACY RENO NV,TRW,06/08/23,06/13/23,BNA
SILVER LEGACY RENO NV,TRW,06/08/23,06/13/23,CLT
SILVER LEGACY RENO NV,TRW,06/08/23,06/13/23,MSY
SILVER LEGACY RENO NV,TRW,06/08/23,06/13/23,PHL
SILVER LEGACY RENO NV,TRW,06/08/23,06/13/23,RDU
SILVER LEGACY RENO NV,TRW,06/08/23,06/13/23,TPA
SILVER LEGACY RENO NV,TRW,06/09/23,06/13/23,AUS
SILVER LEGACY RENO NV,TRW,06/09/23,06/12/23,DEN
SILVER LEGACY RENO NV,TRW,06/09/23,06/13/23,ELP
SILVER LEGACY RENO NV,TRW,06/09/23,06/12/23,GEG
SILVER LEGACY RENO NV,TRW,06/09/23,06/14/23,IND
SILVER LEGACY RENO NV,TRW,06/09/23,06/11/23,LAS
SILVER LEGACY RENO NV,TRW,06/09/23,06/11/23,LAX
SILVER LEGACY RENO NV,TRW,06/09/23,06/11/23,LGB
SILVER LEGACY RENO NV,TRW,06/09/23,06/14/23,MCO
SILVER LEGACY RENO NV,TRW,06/09/23,06/11/23,OAK
SILVER LEGACY RENO NV,TRW,06/09/23,06/13/23,OKC
SILVER LEGACY RENO NV,TRW,06/09/23,06/11/23,PHX
SILVER LEGACY RENO NV,TRW,06/09/23,06/12/23,SAN
SILVER LEGACY RENO NV,TRW,06/09/23,06/13/23,SAT
SILVER LEGACY RENO NV,TRW,06/09/23,06/11/23,SEA
SILVER LEGACY RENO NV,TRW,06/09/23,06/11/23,SJC
SILVER LEGACY RENO NV,TRW,06/10/23,06/15/23,ATL
SILVER LEGACY RENO NV,TRW,06/11/23,06/15/23,IAH
SILVER LEGACY RENO NV,TRW,06/12/23,06/16/23,AUS
SILVER LEGACY RENO NV,TRW,06/12/23,06/17/23,CLE
SILVER LEGACY RENO NV,TRW,06/12/23,06/16/23,SAT
SILVER LEGACY RENO NV,TRW,06/12/23,06/17/23,SDF
SILVER LEGACY RENO NV,TRW,06/14/23,06/19/23,BHM
SILVER LEGACY RENO NV,TRW,06/14/23,06/19/23,BWI
SILVER LEGACY RENO NV,TRW,06/14/23,06/19/23,DTW
SILVER LEGACY RENO NV,TRW,06/14/23,06/19/23,IND
SILVER LEGACY RENO NV,TRW,06/14/23,06/19/23,MCI
SILVER LEGACY RENO NV,TRW,06/14/23,06/19/23,MSY
SILVER LEGACY RENO NV,TRW,06/14/23,06/19/23,STL
SILVER LEGACY RENO NV,TRW,06/15/23,06/20/23,BNA
SILVER LEGACY RENO NV,TRW,06/15/23,06/20/23,CLT
SILVER LEGACY RENO NV,TRW,06/15/23,06/19/23,ELP
SILVER LEGACY RENO NV,TRW,06/15/23,06/18/23,GEG
SILVER LEGACY RENO NV,TRW,06/15/23,06/18/23,OAK
SILVER LEGACY RENO NV,TRW,06/15/23,06/20/23,ORD
SILVER LEGACY RENO NV,TRW,06/16/23,06/19/23,DEN
SILVER LEGACY RENO NV,TRW,06/16/23,06/20/23,IAH
SILVER LEGACY RENO NV,TRW,06/16/23,06/18/23,LAS
SILVER LEGACY RENO NV,TRW,06/16/23,06/18/23,LAX
SILVER LEGACY RENO NV,TRW,06/16/23,06/19/23,LGB
SILVER LEGACY RENO NV,TRW,06/16/23,06/20/23,OKC
SILVER LEGACY RENO NV,TRW,06/16/23,06/20/23,OMA
SILVER LEGACY RENO NV,TRW,06/16/23,06/18/23,PHX
SILVER LEGACY RENO NV,TRW,06/16/23,06/21/23,PIT
SILVER LEGACY RENO NV,TRW,06/16/23,06/21/23,RDU
SILVER LEGACY RENO NV,TRW,06/16/23,06/18/23,SAN
SILVER LEGACY RENO NV,TRW,06/16/23,06/18/23,SEA
SILVER LEGACY RENO NV,TRW,06/16/23,06/18/23,SJC
SILVER LEGACY RENO NV,TRW,06/16/23,06/21/23,TPA
SILVER LEGACY RENO NV,TRW,06/17/23,06/22/23,ATL
SILVER LEGACY RENO NV,TRW,06/17/23,06/21/23,DFW
SILVER LEGACY RENO NV,TRW,06/17/23,06/22/23,EWR
SILVER LEGACY RENO NV,TRW,06/17/23,06/22/23,JFK
SILVER LEGACY RENO NV,TRW,06/19/23,06/24/23,SDF
SILVER LEGACY RENO NV,TRW,06/20/23,06/25/23,BOS
SILVER LEGACY RENO NV,TRW,06/21/23,06/26/23,BWI
SILVER LEGACY RENO NV,TRW,06/21/23,06/26/23,CLT
SILVER LEGACY RENO NV,TRW,06/21/23,06/26/23,MCO
SILVER LEGACY RENO NV,TRW,06/21/23,06/26/23,ORD
SILVER LEGACY RENO NV,TRW,06/22/23,06/27/23,ATL
SILVER LEGACY RENO NV,TRW,06/22/23,06/27/23,CLE
SILVER LEGACY RENO NV,TRW,06/22/23,06/27/23,IND
SILVER LEGACY RENO NV,TRW,06/22/23,06/27/23,MCI
SILVER LEGACY RENO NV,TRW,06/22/23,06/27/23,PHL
SILVER LEGACY RENO NV,TRW,06/22/23,06/27/23,PIT
SILVER LEGACY RENO NV,TRW,06/22/23,06/27/23,RDU
SILVER LEGACY RENO NV,TRW,06/22/23,06/25/23,SJC
SILVER LEGACY RENO NV,TRW,06/22/23,06/27/23,STL
SILVER LEGACY RENO NV,TRW,06/22/23,06/27/23,TPA
SILVER LEGACY RENO NV,TRW,06/23/23,06/27/23,AUS
SILVER LEGACY RENO NV,TRW,06/23/23,06/26/23,DEN
SILVER LEGACY RENO NV,TRW,06/23/23,06/28/23,EWR
SILVER LEGACY RENO NV,TRW,06/23/23,06/26/23,GEG
SILVER LEGACY RENO NV,TRW,06/23/23,06/26/22,LAS
SILVER LEGACY RENO NV,TRW,06/23/23,06/25/23,LAX
SILVER LEGACY RENO NV,TRW,06/23/23,06/25/23,LGB
SILVER LEGACY RENO NV,TRW,06/23/23,06/25/23,OAK
SILVER LEGACY RENO NV,TRW,06/23/23,06/27/23,OKC
SILVER LEGACY RENO NV,TRW,06/23/23,06/25/23,PHX
SILVER LEGACY RENO NV,TRW,06/23/23,06/25/23,SAN
SILVER LEGACY RENO NV,TRW,06/23/23,06/27/23,SAT
SILVER LEGACY RENO NV,TRW,06/24/23,06/29/23,BNA
SILVER LEGACY RENO NV,TRW,06/24/23,06/28/23,DFW
SILVER LEGACY RENO NV,TRW,06/24/23,06/28/23,IAH
SILVER LEGACY RENO NV,TRW,06/24/23,06/28/23,OMA
SILVER LEGACY RENO NV,TRW,06/26/23,07/01/23,BHM
SILVER LEGACY RENO NV,TRW,06/26/23,07/01/23,MSY
SILVER LEGACY RENO NV,TRW,06/27/23,07/02/23,BWI
SILVER LEGACY RENO NV,TRW,06/27/23,06/29/23,SEA
SILVER LEGACY RENO NV,TRW, , , 
SILVER LEGACY RENO NV,TRW,,,
SILVER LEGACY RENO NV,TRW,,,
HORSESHOE TUNICA MS,UTU,05/05/23,05/08/23,FAY
HORSESHOE TUNICA MS,UTU,05/05/23,05/08/23,ILM
HORSESHOE TUNICA MS,UTU,05/17/23,05/20/23,AGS
HORSESHOE TUNICA MS,UTU,05/17/23,05/20/23,MCN
,,,,
,,,,
,,,,
,,,,
,,,,
,,,,
,,,,
,,,,
,,,,
,,,,
,,,,
,,,,
,,,,
,,,,
,,,,
,,,,
,,,,
,,,,
,,,,
,,,,
,,,,
,,,,
,,,,
,,,,
,,,,
,,,,
,,,,
,,,,
,,,,
,,,,
,,,,
,,,,
