gamingresort,casinocode,departingat,arrivingat,departingairport,
HARRAH'S ATLANTIC CITY NJ,ATL,5/19/2022,5/22/2022,ILM,
HARRAH'S ATLANTIC CITY NJ,ATL,5/19/2022,5/22/2022,FAY,
HARRAH'S ATLANTIC CITY NJ,ATL,5/20/2022,5/23/2022,AVL,
HARRAH'S ATLANTIC CITY NJ,ATL,5/23/2022,5/26/2022,JAX,
HARRAH'S ATLANTIC CITY NJ,ATL,5/23/2022,5/26/2022,SAV,
HARRAH'S ATLANTIC CITY NJ,ATL,5/25/2022,5/28/2022,PWM,
HARRAH'S ATLANTIC CITY NJ,ATL,5/25/2022,5/28/2022,MHT,
HARRAH'S ATLANTIC CITY NJ,ATL,5/25/2022,5/28/2022,DTW,
HARRAH'S ATLANTIC CITY NJ,ATL,5/27/2022,5/30/2022,BNA,
HARRAH'S ATLANTIC CITY NJ,ATL,5/28/2022,5/31/2022,ALB,
HARRAH'S ATLANTIC CITY NJ,ATL,5/28/2022,5/31/2022,BDL,
HARRAH'S ATLANTIC CITY NJ,ATL,5/29/2022,6/1/2022,BOS,
HARRAH'S ATLANTIC CITY NJ,ATL,5/29/2022,6/1/2022,PVD,
HARRAH'S ATLANTIC CITY NJ,ATL,5/31/2022,6/3/2022,RFD,
HARRAH'S ATLANTIC CITY NJ,ATL,5/31/2022,6/3/2022,TOL,
HARRAH'S ATLANTIC CITY NJ,ATL,6/1/2022,6/4/2022,BFM,
HARRAH'S ATLANTIC CITY NJ,ATL,6/2/2022,6/5/2022,LBE,
HARRAH'S ATLANTIC CITY NJ,ATL,6/4/2022,6/7/2022,PGV,
HARRAH'S ATLANTIC CITY NJ,ATL,6/4/2022,6/7/2022,OAJ,
HARRAH'S ATLANTIC CITY NJ,ATL,6/5/2022,6/8/2022,MCN,
HARRAH'S ATLANTIC CITY NJ,ATL,6/5/2022,6/8/2022,AGS,
HARRAH'S ATLANTIC CITY NJ,ATL,6/6/2022,6/9/2022,LEX,
HARRAH'S ATLANTIC CITY NJ,ATL,6/8/2022,6/11/2022,PBI,
HARRAH'S ATLANTIC CITY NJ,ATL,6/9/2022,6/12/2022,CAK,
HARRAH'S ATLANTIC CITY NJ,ATL,6/10/2022,6/13/2022,RIC,
HARRAH'S ATLANTIC CITY NJ,ATL,6/10/2022,6/13/2022,ORF,
HARRAH'S ATLANTIC CITY NJ,ATL,6/13/2022,6/16/2022,SAV,
HARRAH'S ATLANTIC CITY NJ,ATL,6/13/2022,6/16/2022,ROA,
HARRAH'S ATLANTIC CITY NJ,ATL,6/16/2022,6/19/2022,BUF,
HARRAH'S ATLANTIC CITY NJ,ATL,6/17/2022,6/20/2022,LIT,
HARRAH'S ATLANTIC CITY NJ,ATL,6/17/2022,6/20/2022,SGF,
HARRAH'S ATLANTIC CITY NJ,ATL,6/18/2022,6/21/2022,RDU,
HARRAH'S ATLANTIC CITY NJ,ATL,6/20/2022,6/23/2022,CLT,
HARRAH'S ATLANTIC CITY NJ,ATL,6/21/2022,6/24/2022,SYR,
HARRAH'S ATLANTIC CITY NJ,ATL,6/21/2022,6/24/2022,ROC,
HARRAH'S ATLANTIC CITY NJ,ATL,6/22/2022,6/25/2022,DTW,
HARRAH'S ATLANTIC CITY NJ,ATL,6/24/2022,6/27/2022,AVL,
HARRAH'S ATLANTIC CITY NJ,ATL,6/25/2022,6/28/2022,FAY,
HARRAH'S ATLANTIC CITY NJ,ATL,6/25/2022,6/28/2022,ILM,
HARRAH'S ATLANTIC CITY NJ,ATL,6/26/2022,6/29/2022,DAY,
HARRAH'S ATLANTIC CITY NJ,ATL,6/28/2022,7/1/2022,MKE,
HARRAH'S ATLANTIC CITY NJ,ATL,6/29/2022,7/2/2022,LBE,
HARRAH'S ATLANTIC CITY NJ,ATL,7/1/2022,7/4/2022,PGV,
HARRAH'S ATLANTIC CITY NJ,ATL,7/2/2022,7/2/2022,MDW,
HARRAH'S ATLANTIC CITY NJ,ATL,7/5/2022,7/8/2022,PBI,
HARRAH'S ATLANTIC CITY NJ,ATL,7/7/2022,7/10/2022,CLE,
HARRAH'S ATLANTIC CITY NJ,ATL,7/8/2022,7/10/2022,GSO,
HARRAH'S ATLANTIC CITY NJ,ATL,7/10/2022,7/13/2022,BUF,
HARRAH'S ATLANTIC CITY NJ,ATL,7/11/2022,7/14/2022,CAE,
HARRAH'S ATLANTIC CITY NJ,ATL,7/13/2022,7/16/2022,PIT,
HARRAH'S ATLANTIC CITY NJ,ATL,7/14/2022,7/17/2022,RIC,
HARRAH'S ATLANTIC CITY NJ,ATL,7/14/2022,7/17/2022,ORF,
HARRAH'S ATLANTIC CITY NJ,ATL,7/16/2022,7/19/2022,BNA,
HARRAH'S ATLANTIC CITY NJ,ATL,7/17/2022,7/20/2022,MCN,
HARRAH'S ATLANTIC CITY NJ,ATL,7/17/2022,7/20/2022,AGS,
HARRAH'S ATLANTIC CITY NJ,ATL,7/19/2022,7/22/2022,PVD,
HARRAH'S ATLANTIC CITY NJ,ATL,7/19/2022,7/22/2022,BOS,
HARRAH'S ATLANTIC CITY NJ,ATL,7/20/2022,7/23/2022,CMH,
HARRAH'S ATLANTIC CITY NJ,ATL,7/22/2022,7/25/2022,MHT,
HARRAH'S ATLANTIC CITY NJ,ATL,7/22/2022,7/25/2022,PWM,
HARRAH'S ATLANTIC CITY NJ,ATL,7/23/2022,7/26/2022,CLT,
HARRAH'S ATLANTIC CITY NJ,ATL,7/25/2002,7/28/2022,CHA,
HARRAH'S ATLANTIC CITY NJ,ATL,7/26/2022,7/29/2022,ALB,
HARRAH'S ATLANTIC CITY NJ,ATL,7/26/2022,7/29/2022,BDL,
HARRAH'S ATLANTIC CITY NJ,ATL,7/28/2022,7/31/2022,FAY,
HARRAH'S ATLANTIC CITY NJ,ATL,7/28/2022,7/31/2022,ILM,
HARRAH'S GULF COAST BILOXI MS,GBI,5/18/2022,5/21/2022,BWI,
HARRAH'S GULF COAST BILOXI MS,GBI,5/19/2022,5/22/2022,PIE,
HARRAH'S GULF COAST BILOXI MS,GBI,5/21/2022,5/24/2022,CLT,
HARRAH'S GULF COAST BILOXI MS,GBI,5/22/2022,5/25/2022,DAY,
HARRAH'S GULF COAST BILOXI MS,GBI,5/27/2022,5/30/2022,MDW,
HARRAH'S GULF COAST BILOXI MS,GBI,5/30/2022,6/2/2022,STL,
HARRAH'S GULF COAST BILOXI MS,GBI,5/31/2022,6/3/2022,EWR,
HARRAH'S GULF COAST BILOXI MS,GBI,6/2/2022,6/5/2022,TYS,
HARRAH'S GULF COAST BILOXI MS,GBI,6/3/2022,6/6/2022,SPI,
HARRAH'S GULF COAST BILOXI MS,GBI,6/4/2022,6/7/2022,MLB,
HARRAH'S GULF COAST BILOXI MS,GBI,6/6/2022,6/9/2022,FWA,
HARRAH'S GULF COAST BILOXI MS,GBI,6/6/2022,6/9/2022,HSV,
HARRAH'S GULF COAST BILOXI MS,GBI,6/7/2022,6/10/2022,MYR,
HARRAH'S GULF COAST BILOXI MS,GBI,6/7/2022,6/10/2022,CHS,
HARRAH'S GULF COAST BILOXI MS,GBI,6/11/2022,6/14/2022,RSW,
HARRAH'S GULF COAST BILOXI MS,GBI,6/12/2022,6/15/2022,DTW,
HARRAH'S GULF COAST BILOXI MS,GBI,6/14/2022,6/17/2022,IAH,
HARRAH'S GULF COAST BILOXI MS,GBI,6/15/2022,6/18/2022,PIE,
HARRAH'S GULF COAST BILOXI MS,GBI,6/16/2022,6/19/2022,GSO,
HARRAH'S GULF COAST BILOXI MS,GBI,6/18/2022,6/21/2022,CMH,
HARRAH'S GULF COAST BILOXI MS,GBI,6/19/2022,6/22/2022,CLE,
HARRAH'S GULF COAST BILOXI MS,GBI,6/20/2022,6/23/2022,ICT,
HARRAH'S GULF COAST BILOXI MS,GBI,6/20/2022,6/23/2022,OKC,
HARRAH'S GULF COAST BILOXI MS,GBI,6/22/2022,6/25/2022,CAE,
HARRAH'S GULF COAST BILOXI MS,GBI,6/23/2022,6/26/2022,PIT,
HARRAH'S GULF COAST BILOXI MS,GBI,6/24/2022,6/27/2022,GRB,
HARRAH'S GULF COAST BILOXI MS,GBI,6/26/2022,6/29/2022,IND,
HARRAH'S GULF COAST BILOXI MS,GBI,6/27/2022,6/30/2022,TRI,
HARRAH'S GULF COAST BILOXI MS,GBI,6/27/2022,6/30/2022,GSP,
HARRAH'S GULF COAST BILOXI MS,GBI,6/28/2022,7/1/2022,CAE,
HARRAH'S GULF COAST BILOXI MS,GBI,6/28/2022,7/1/2022,MCN,
HARRAH'S GULF COAST BILOXI MS,GBI,6/30/2022,7/3/2022,CHS,
HARRAH'S GULF COAST BILOXI MS,GBI,6/30/2022,7/3/2022,MYR,
HARRAH'S GULF COAST BILOXI MS,GBI,7/4/2022,7/7/2022,DTW,
HARRAH'S GULF COAST BILOXI MS,GBI,7/6/2022,7/9/2022,GRR,
HARRAH'S GULF COAST BILOXI MS,GBI,7/8/2022,7/11/2022,TPA,
HARRAH'S GULF COAST BILOXI MS,GBI,7/9/2022,7/12/2022,MCI,
HARRAH'S GULF COAST BILOXI MS,GBI,7/10/2022,7/13/2022,DAY,
HARRAH'S GULF COAST BILOXI MS,GBI,7/12/2022,7/15/2022,TYS,
HARRAH'S GULF COAST BILOXI MS,GBI,7/15/2022,7/15/2022,DEN,
HARRAH'S GULF COAST BILOXI MS,GBI,7/14/2022,7/17/2022,JAX,
HARRAH'S GULF COAST BILOXI MS,GBI,7/15/2022,7/18/2022,OMA,
HARRAH'S GULF COAST BILOXI MS,GBI,7/16/2022,7/19/2022,PHL,
HARRAH'S GULF COAST BILOXI MS,GBI,7/18/2022,7/21/2022,BWI,
HARRAH'S GULF COAST BILOXI MS,GBI,7/18/2022,7/21/2022,SGF,
HARRAH'S GULF COAST BILOXI MS,GBI,7/18/2022,7/21/2022,LIT,
HARRAH'S GULF COAST BILOXI MS,GBI,7/20/2022,7/23/2022,PIE,
HARRAH'S GULF COAST BILOXI MS,GBI,7/21/2022,7/24/2022,BMI,
HARRAH'S GULF COAST BILOXI MS,GBI,7/22/2022,7/25/2022,CAK,
HARRAH'S GULF COAST BILOXI MS,GBI,7/24/2022,7/27/2022,SDF,
HARRAH'S GULF COAST BILOXI MS,GBI,7/24/2022,7/27/2022,RFD,
HARRAH'S GULF COAST BILOXI MS,GBI,7/26/2022,7/29/2022,TRI,
HARRAH'S GULF COAST BILOXI MS,GBI,7/26/2022,7/29/2022,GSP,
HARRAH'S GULF COAST BILOXI MS,GBI,7/27/2022,7/30/2022,IND,
HARRAH'S GULF COAST BILOXI MS,GBI,7/28/2022,7/31/2022,RDU,
HARVEYS LAKE TAHOE NV,HLT,05/17/22,05/22/22,EWR,
HARVEYS LAKE TAHOE NV,HLT,05/18/22,05/23/22,BWI,
HARVEYS LAKE TAHOE NV,HLT,05/18/22,05/23/22,BNA,
HARVEYS LAKE TAHOE NV,HLT,05/19/22,05/24/22,ATL,
HARVEYS LAKE TAHOE NV,HLT,05/19/22,05/22/22,ACV,
HARVEYS LAKE TAHOE NV,HLT,05/20/22,05/23/22,BFL,
HARVEYS LAKE TAHOE NV,HLT,05/20/22,05/24/22,DFW,
HARVEYS LAKE TAHOE NV,HLT,05/20/22,05/24/22,IAH,
HARVEYS LAKE TAHOE NV,HLT,05/20/22,05/24/22,OMA,
HARVEYS LAKE TAHOE NV,HLT,05/22/22,05/26/22,AUS,
HARVEYS LAKE TAHOE NV,HLT,05/22/22,05/26/22,ACV,
HARVEYS LAKE TAHOE NV,HLT,05/22/22,05/27/22,JFK,
HARVEYS LAKE TAHOE NV,HLT,05/23/22,05/27/22,BFL,
HARVEYS LAKE TAHOE NV,HLT,05/25/22,05/30/22,BUF,
HARVEYS LAKE TAHOE NV,HLT,05/25/22,05/30/22,ORD,
HARVEYS LAKE TAHOE NV,HLT,05/26/22,05/29/22,ACV,
HARVEYS LAKE TAHOE NV,HLT,05/26/22,05/31/22,TPA,
HARVEYS LAKE TAHOE NV,HLT,05/27/22,05/30/22,BFL,
HARVEYS LAKE TAHOE NV,HLT,05/28/22,06/02/22,BHM,
HARVEYS LAKE TAHOE NV,HLT,06/01/22,06/06/22,BWI,
HARVEYS LAKE TAHOE NV,HLT,06/01/22,06/06/22,MCI,
HARVEYS LAKE TAHOE NV,HLT,06/02/22,06/07/22,ATL,
HARVEYS LAKE TAHOE NV,HLT,06/02/22,06/07/22,CLE,
HARVEYS LAKE TAHOE NV,HLT,06/02/22,06/07/22,IND,
HARVEYS LAKE TAHOE NV,HLT,06/02/22,06/07/02,EWR,
HARVEYS LAKE TAHOE NV,HLT,06/02/22,06/07/22,MCO,
HARVEYS LAKE TAHOE NV,HLT,06/02/22,06/07/22,RDU,
HARVEYS LAKE TAHOE NV,HLT,06/03/22,06/07/22,AUS,
HARVEYS LAKE TAHOE NV,HLT,06/03/22,06/07/22,DFW,
HARVEYS LAKE TAHOE NV,HLT,06/03/22,06/06/22,DEN,
HARVEYS LAKE TAHOE NV,HLT,06/03/22,06/07/22,IAH,
HARVEYS LAKE TAHOE NV,HLT,06/03/22,06/05/22,PHX,
HARVEYS LAKE TAHOE NV,HLT,06/05/22,06/10/22,JFK,
HARVEYS LAKE TAHOE NV,HLT,06/06/22,06/11/55,CLT,
HARVEYS LAKE TAHOE NV,HLT,06/08/22,06/13/22,BOS,
HARVEYS LAKE TAHOE NV,HLT,06/09/22,06/14/22,BHM,
HARVEYS LAKE TAHOE NV,HLT,06/09/22,06/14/22,ORD,
HARVEYS LAKE TAHOE NV,HLT,06/09/22,06/14/22,MSY,
HARVEYS LAKE TAHOE NV,HLT,06/09/22,06/14/22,PHL,
HARVEYS LAKE TAHOE NV,HLT,06/09/22,06/14/22,TPA,
HARVEYS LAKE TAHOE NV,HLT,06/10/22,06/14/22,SAT,
HARVEYS LAKE TAHOE NV,HLT,06/12/22,06/17/22,ATL,
HARVEYS LAKE TAHOE NV,HLT,06/13/22,06/18/22,ORD,
HARVEYS LAKE TAHOE NV,HLT,06/14/22,06/19/22,EWR,
HARVEYS LAKE TAHOE NV,HLT,06/15/22,06/20/22,BUF,
HARVEYS LAKE TAHOE NV,HLT,06/15/22,06/20/22,DTW,
HARVEYS LAKE TAHOE NV,HLT,06/15/22,06/20/22,STL,
HARVEYS LAKE TAHOE NV,HLT,06/16/22,06/21/22,MCI,
HARVEYS LAKE TAHOE NV,HLT,06/16/22,06/21/22,BNA,
HARVEYS LAKE TAHOE NV,HLT,06/16/22,06/20/22,OKC,
HARVEYS LAKE TAHOE NV,HLT,06/16/22,06/21/22,PIT,
HARVEYS LAKE TAHOE NV,HLT,06/17/22,06/21/22,IAH,
HARVEYS LAKE TAHOE NV,HLT,06/17/22,06/22/22,SDF,
HARVEYS LAKE TAHOE NV,HLT,06/17/22,06/20/22,SJC,
HARVEYS LAKE TAHOE NV,HLT,06/17/22,06/19/22,OAK,
HARVEYS LAKE TAHOE NV,HLT,06/17/22,06/19/22,PHX,
HARVEYS LAKE TAHOE NV,HLT,06/17/22,06/19/22,SAN,
HARVEYS LAKE TAHOE NV,HLT,06/18/22,06/23/22,JFK,
HARVEYS LAKE TAHOE NV,HLT,06/21/22,06/23/22,SEA,
HARVEYS LAKE TAHOE NV,HLT,06/22/22,06/27/22,BWI,
HARVEYS LAKE TAHOE NV,HLT,06/22/22,06/27/22,CLT,
HARVEYS LAKE TAHOE NV,HLT,06/23/22,06/28/22,ATL,
HARVEYS LAKE TAHOE NV,HLT,06/23/22,06/28/22,ORD,
HARVEYS LAKE TAHOE NV,HLT,06/23/22,06/28/22,EWR,
HARVEYS LAKE TAHOE NV,HLT,06/24/22,06/28/22,DFW,
HARVEYS LAKE TAHOE NV,HLT,06/24/22,06/27/22,DEN,
HARVEYS LAKE TAHOE NV,HLT,06/24/22,06/28/22,ELP,
HARVEYS LAKE TAHOE NV,HLT,06/24/22,06/26/22,LAS,
HARVEYS LAKE TAHOE NV,HLT,06/24/22,06/26/22,LAX,
HARVEYS LAKE TAHOE NV,HLT,06/24/22,06/26/22,SJC,
HARVEYS LAKE TAHOE NV,HLT,06/24/22,06/26/22,OAK,
HARVEYS LAKE TAHOE NV,HLT,06/24/22,06/28/22,OMA,
HARVEYS LAKE TAHOE NV,HLT,06/24/22,06/26/22,SAN,
HARVEYS LAKE TAHOE NV,HLT,06/25/22,06/29/22,IAH,
HARVEYS LAKE TAHOE NV,HLT,5/18/2022,5/22/2022,DSM,
HARVEYS LAKE TAHOE NV,HLT,5/18/2022,5/22/2022,FSD,
HARVEYS LAKE TAHOE NV,HLT,6/4/2022,6/8/2022,CMH,
HARVEYS LAKE TAHOE NV,HLT,6/7/2022,6/11/2022,GRB,
HARVEYS LAKE TAHOE NV,HLT,06/088/22,6/12/2022,IND,
HARVEYS LAKE TAHOE NV,HLT,6/11/2022,6/15/2022,GRR,
HARVEYS LAKE TAHOE NV,HLT,6/11/2022,6/15/2022,GRI,
HARVEYS LAKE TAHOE NV,HLT,6/12/2022,6/16/2022,MKE,
HARVEYS LAKE TAHOE NV,HLT,6/15/2022,6/19/2022,MSP,
HARVEYS LAKE TAHOE NV,HLT,6/18/2022,6/22/2022,DFW,
HARVEYS LAKE TAHOE NV,HLT,6/20/2022,6/24/2022,MCI,
HARVEYS LAKE TAHOE NV,HLT,6/23/2022,6/27/2022,MBS,
HARVEYS LAKE TAHOE NV,HLT,6/23/2022,6/27/2022,DEN,
HARVEYS LAKE TAHOE NV,HLT,7/14/2022,7/18/2022,MDW,
HARVEYS LAKE TAHOE NV,HLT,7/18/2022,7/22/2022,MKE,
HARVEYS LAKE TAHOE NV,HLT,7/20/2022,7/24/2022,DFW,
HARVEYS LAKE TAHOE NV,HLT,7/23/2022,7/27/2022,DTW,
HARRAH'S LAUGHLIN NV,LAU,5/20/2022,5/24/2022,SDF,
HARRAH'S LAUGHLIN NV,LAU,5/21/2022,5/25/2022,CRP,
HARRAH'S LAUGHLIN NV,LAU,5/22/2022,5/26/2022,FAR,
HARRAH'S LAUGHLIN NV,LAU,5/22/2022,5/26/2022,DEN,
HARRAH'S LAUGHLIN NV,LAU,5/24/2022,5/28/2022,IND,
HARRAH'S LAUGHLIN NV,LAU,5/25/2022,5/29/2022,SAT,
HARRAH'S LAUGHLIN NV,LAU,5/26/2022,5/30/2022,MSP,
HARRAH'S LAUGHLIN NV,LAU,5/27/2022,5/31/2022,CLE,
HARRAH'S LAUGHLIN NV,LAU,5/28/2022,6/1/2022,RDU,
HARRAH'S LAUGHLIN NV,LAU,5/29/2022,6/2/2022,GGG,
HARRAH'S LAUGHLIN NV,LAU,5/29/2022,6/2/2022,AZA,
HARRAH'S LAUGHLIN NV,LAU,5/30/2022,6/3/2022,EAU,
HARRAH'S LAUGHLIN NV,LAU,5/30/2022,6/3/2022,MSN,
HARRAH'S LAUGHLIN NV,LAU,5/31/2022,6/4/2022,SBN,
HARRAH'S LAUGHLIN NV,LAU,5/31/2022,6/4/2022,MLI,
HARRAH'S LAUGHLIN NV,LAU,6/1/2022,6/5/2022,GSO,
HARRAH'S LAUGHLIN NV,LAU,6/2/2022,6/6/2022,IAH,
HARRAH'S LAUGHLIN NV,LAU,6/3/2022,6/7/2022,CWA,
HARRAH'S LAUGHLIN NV,LAU,6/3/2022,6/7/2022,PUB,
HARRAH'S LAUGHLIN NV,LAU,6/5/2022,6/9/2022,CAE,
HARRAH'S LAUGHLIN NV,LAU,6/6/2022,6/10/2022,BTR,
HARRAH'S LAUGHLIN NV,LAU,6/6/2022,6/10/2022,AUS,
HARRAH'S LAUGHLIN NV,LAU,6/9/2022,6/13/2022,SFB,
HARRAH'S LAUGHLIN NV,LAU,6/10/2022,6/14/2022,BHM,
HARRAH'S LAUGHLIN NV,LAU,6/13/2022,6/17/2022,JAX,
HARRAH'S LAUGHLIN NV,LAU,6/13/2022,6/17/2022,SHV,
HARRAH'S LAUGHLIN NV,LAU,6/14/2022,6/18/2022,MEM,
HARRAH'S LAUGHLIN NV,LAU,6/16/2022,6/20/2022,STL,
HARRAH'S LAUGHLIN NV,LAU,6/17/2022,6/21/2022,TYS,
HARRAH'S LAUGHLIN NV,LAU,6/21/2022,6/25/2022,BNA,
HARRAH'S LAUGHLIN NV,LAU,6/22/2022,6/26/2022,SAT,
HARRAH'S LAUGHLIN NV,LAU,6/24/2022,6/28/2022,OMA,
HARRAH'S LAUGHLIN NV,LAU,6/25/2022,6/29/2022,SDF,
HARRAH'S LAUGHLIN NV,LAU,6/26/2022,6/30/2022,MFE,
HARRAH'S LAUGHLIN NV,LAU,6/27/2022,7/1/2022,SBN,
HARRAH'S LAUGHLIN NV,LAU,6/27/2022,7/1/2022,MLI,
HARRAH'S LAUGHLIN NV,LAU,6/28/2022,7/2/2022,DSM,
HARRAH'S LAUGHLIN NV,LAU,6/28/2022,7/2/2022,FSD,
HARRAH'S LAUGHLIN NV,LAU,6/29/2022,7/3/2022,CHA,
HARRAH'S LAUGHLIN NV,LAU,6/30/2022,7/4/2022,CRP,
HARRAH'S LAUGHLIN NV,LAU,7/1/2022,7/5/2022,CMH,
HARRAH'S LAUGHLIN NV,LAU,7/2/2022,7/6/2022,FAR,
HARRAH'S LAUGHLIN NV,LAU,7/3/2022,7/7/2022,EVV,
HARRAH'S LAUGHLIN NV,LAU,7/3/2022,7/7/2022,COS,
HARRAH'S LAUGHLIN NV,LAU,7/4/2022,7/8/2022,MSY,
HARRAH'S LAUGHLIN NV,LAU,7/4/2022,7/8/2022,GRK,
HARRAH'S LAUGHLIN NV,LAU,7/5/2022,7/9/2022,CWA,
HARRAH'S LAUGHLIN NV,LAU,7/5/2022,7/9/2022,ALO,
HARRAH'S LAUGHLIN NV,LAU,7/6/2022,7/10/2022,MSP,
HARRAH'S LAUGHLIN NV,LAU,7/7/2022,7/11/2022,STL,
HARRAH'S LAUGHLIN NV,LAU,7/8/2022,7/12/2022,IAH,
HARRAH'S LAUGHLIN NV,LAU,7/9/2022,7/13/2022,PIA,
HARRAH'S LAUGHLIN NV,LAU,7/11/2022,7/15/2022,CVG,
HARRAH'S LAUGHLIN NV,LAU,7/11/2022,7/15/2022,PUB,
HARRAH'S LAUGHLIN NV,LAU,7/12/2022,7/16/2022,GGG,
HARRAH'S LAUGHLIN NV,LAU,7/12/2022,7/16/2022,ACT,
HARRAH'S LAUGHLIN NV,LAU,7/13/2022,7/17/2022,MSN,
HARRAH'S LAUGHLIN NV,LAU,7/13/2022,7/17/2022,GRI,
HARRAH'S LAUGHLIN NV,LAU,7/15/2022,7/19/2022,FWA,
HARRAH'S LAUGHLIN NV,LAU,7/15/2022,7/19/2022,GCK,
HARRAH'S LAUGHLIN NV,LAU,7/16/2022,7/20/2022,SAT,
HARRAH'S LAUGHLIN NV,LAU,7/17/2022,7/21/2022,BIS,
HARRAH'S LAUGHLIN NV,LAU,7/17/2022,7/21/2022,MOT,
HARRAH'S LAUGHLIN NV,LAU,7/19/2022,7/23/2022,CLE,
HARRAH'S LAUGHLIN NV,LAU,7/21/2022,7/25/2022,YEG,
HARRAH'S LAUGHLIN NV,LAU,7/22/2022,7/26/2022,GRB,
HARRAH'S LAUGHLIN NV,LAU,7/24/2022,7/28/2022,AUS,
HARRAH'S LAUGHLIN NV,LAU,7/24/2022,7/28/2022,MAF,
HARRAH'S LAUGHLIN NV,LAU,7/25/2022,7/29/2022,YEG,
HARRAH'S LAUGHLIN NV,LAU,7/25/2022,7/29/2022,YYC,
HARRAH'S LAUGHLIN NV,LAU,7/26/2022,7/30/2022,MBS,
HARRAH'S LAUGHLIN NV,LAU,7/26/2022,7/30/2022,GRR,
HARRAH'S LAUGHLIN NV,LAU,7/27/2022,7/31/2022,BUF,
HARRAH'S NEW ORLEANS,NOR,7/8/2022,7/11/2022,MCO,
HARRAH'S NEW ORLEANS,NOR,7/15/2022,7/18/2022,MCI,
HARRAH'S NEW ORLEANS,NOR,7/22/2022,7/25/2022,ATL,
HARRAH'S NEW ORLEANS,NOR,7/22/2022,7/25/2022,AUS,
HARRAH'S NEW ORLEANS,NOR,7/22/2022,7/25/2022,BNA,
HARRAH'S NEW ORLEANS,NOR,7/22/2022,7/25/2022,DAL,
HARRAH'S NEW ORLEANS,NOR,7/29/2022,8/1/2022,ATL,
HARRAH'S NEW ORLEANS,NOR,7/29/2022,8/1/2022,BNA,
HARRAH'S NEW ORLEANS,NOR,7/29/2022,8/1/2022,HOU,
HARRAH'S NEW ORLEANS,NOR,7/29/2022,8/1/2022,LGA,
HARRAH'S NEW ORLEANS,NOR,7/29/2022,8/1/2022,STL,
TROPICANA ATLANTIC CITY,TAC,5/19/2022,5/22/2022,ILM,
TROPICANA ATLANTIC CITY,TAC,5/19/2022,5/22/2022,FAY,
TROPICANA ATLANTIC CITY,TAC,5/20/2022,5/23/2022,AVL,
TROPICANA ATLANTIC CITY,TAC,5/23/2022,5/26/2022,JAX,
TROPICANA ATLANTIC CITY,TAC,5/23/2022,5/26/2022,SAV,
TROPICANA ATLANTIC CITY,TAC,5/25/2022,5/28/2022,PWM,
TROPICANA ATLANTIC CITY,TAC,5/25/2022,5/28/2022,MHT,
TROPICANA ATLANTIC CITY,TAC,5/25/2022,5/28/2022,DTW,
TROPICANA ATLANTIC CITY,TAC,5/27/2022,5/30/2022,BNA,
TROPICANA ATLANTIC CITY,TAC,5/28/2022,5/31/2022,ALB,
TROPICANA ATLANTIC CITY,TAC,5/28/2022,5/31/2022,BDL,
TROPICANA ATLANTIC CITY,TAC,5/29/2022,6/1/2022,BOS,
TROPICANA ATLANTIC CITY,TAC,5/29/2022,6/1/2022,PVD,
TROPICANA ATLANTIC CITY,TAC,5/31/2022,6/3/2022,RFD,
TROPICANA ATLANTIC CITY,TAC,5/31/2022,6/3/2022,TOL,
TROPICANA ATLANTIC CITY,TAC,6/1/2022,6/4/2022,BFM,
TROPICANA ATLANTIC CITY,TAC,6/2/2022,6/5/2022,LBE,
TROPICANA ATLANTIC CITY,TAC,6/4/2022,6/7/2022,PGV,
TROPICANA ATLANTIC CITY,TAC,6/4/2022,6/7/2022,OAJ,
TROPICANA ATLANTIC CITY,TAC,6/5/2022,6/8/2022,MCN,
TROPICANA ATLANTIC CITY,TAC,6/5/2022,6/8/2022,AGS,
TROPICANA ATLANTIC CITY,TAC,6/6/2022,6/9/2022,LEX,
TROPICANA ATLANTIC CITY,TAC,6/8/2022,6/11/2022,PBI,
TROPICANA ATLANTIC CITY,TAC,6/9/2022,6/12/2022,CAK,
TROPICANA ATLANTIC CITY,TAC,6/10/2022,6/13/2022,RIC,
TROPICANA ATLANTIC CITY,TAC,6/10/2022,6/13/2022,ORF,
TROPICANA ATLANTIC CITY,TAC,6/13/2022,6/16/2022,SAV,
TROPICANA ATLANTIC CITY,TAC,6/13/2022,6/16/2022,ROA,
TROPICANA ATLANTIC CITY,TAC,6/16/2022,6/19/2022,BUF,
TROPICANA ATLANTIC CITY,TAC,6/17/2022,6/20/2022,LIT,
TROPICANA ATLANTIC CITY,TAC,6/17/2022,6/20/2022,SGF,
TROPICANA ATLANTIC CITY,TAC,6/18/2022,6/21/2022,RDU,
TROPICANA ATLANTIC CITY,TAC,6/20/2022,6/23/2022,CLT,
TROPICANA ATLANTIC CITY,TAC,6/21/2022,6/24/2022,SYR,
TROPICANA ATLANTIC CITY,TAC,6/21/2022,6/24/2022,ROC,
TROPICANA ATLANTIC CITY,TAC,6/22/2022,6/25/2022,DTW,
TROPICANA ATLANTIC CITY,TAC,6/24/2022,6/27/2022,AVL,
TROPICANA ATLANTIC CITY,TAC,6/25/2022,6/28/2022,FAY,
TROPICANA ATLANTIC CITY,TAC,6/25/2022,6/28/2022,ILM,
TROPICANA ATLANTIC CITY,TAC,6/26/2022,6/29/2022,DAY,
TROPICANA ATLANTIC CITY,TAC,6/28/2022,7/1/2022,MKE,
TROPICANA ATLANTIC CITY,TAC,6/29/2022,7/2/2022,LBE,
TROPICANA ATLANTIC CITY,TAC,7/1/2022,7/4/2022,PGV,
TROPICANA ATLANTIC CITY,TAC,7/2/2022,7/2/2022,MDW,
TROPICANA ATLANTIC CITY,TAC,7/5/2022,7/8/2022,PBI,
TROPICANA ATLANTIC CITY,TAC,7/7/2022,7/10/2022,CLE,
TROPICANA ATLANTIC CITY,TAC,7/8/2022,7/10/2022,GSO,
TROPICANA ATLANTIC CITY,TAC,7/10/2022,7/13/2022,BUF,
TROPICANA ATLANTIC CITY,TAC,7/11/2022,7/14/2022,CAE,
TROPICANA ATLANTIC CITY,TAC,7/13/2022,7/16/2022,PIT,
TROPICANA ATLANTIC CITY,TAC,7/14/2022,7/17/2022,RIC,
TROPICANA ATLANTIC CITY,TAC,7/14/2022,7/17/2022,ORF,
TROPICANA ATLANTIC CITY,TAC,7/16/2022,7/19/2022,BNA,
TROPICANA ATLANTIC CITY,TAC,7/17/2022,7/20/2022,MCN,
TROPICANA ATLANTIC CITY,TAC,7/17/2022,7/20/2022,AGS,
TROPICANA ATLANTIC CITY,TAC,7/19/2022,7/22/2022,PVD,
TROPICANA ATLANTIC CITY,TAC,7/19/2022,7/22/2022,BOS,
TROPICANA ATLANTIC CITY,TAC,7/20/2022,7/23/2022,CMH,
TROPICANA ATLANTIC CITY,TAC,7/22/2022,7/25/2022,MHT,
TROPICANA ATLANTIC CITY,TAC,7/22/2022,7/25/2022,PWM,
TROPICANA ATLANTIC CITY,TAC,7/23/2022,7/26/2022,CLT,
TROPICANA ATLANTIC CITY,TAC,7/25/2002,7/28/2022,CHA,
TROPICANA ATLANTIC CITY,TAC,7/26/2022,7/29/2022,ALB,
TROPICANA ATLANTIC CITY,TAC,7/26/2022,7/29/2022,BDL,
TROPICANA ATLANTIC CITY,TAC,7/28/2022,7/31/2022,FAY,
TROPICANA ATLANTIC CITY,TAC,7/28/2022,7/31/2022,ILM,
HARRAH'S LAKE TAHOE NV,TAH,05/19/22,05/24/22,ATL,
HARRAH'S LAKE TAHOE NV,TAH,05/19/22,05/22/22,ACV,
HARRAH'S LAKE TAHOE NV,TAH,05/20/22,05/23/22,BFL,
HARRAH'S LAKE TAHOE NV,TAH,05/20/22,05/24/22,DFW,
HARRAH'S LAKE TAHOE NV,TAH,05/20/22,05/24/22,IAH,
HARRAH'S LAKE TAHOE NV,TAH,05/20/22,05/24/22,OMA,
HARRAH'S LAKE TAHOE NV,TAH,05/22/22,05/26/22,AUS,
HARRAH'S LAKE TAHOE NV,TAH,05/22/22,05/26/22,ACV,
HARRAH'S LAKE TAHOE NV,TAH,05/22/22,05/27/22,JFK,
HARRAH'S LAKE TAHOE NV,TAH,05/23/22,05/27/22,BFL,
HARRAH'S LAKE TAHOE NV,TAH,05/25/22,05/30/22,BUF,
HARRAH'S LAKE TAHOE NV,TAH,05/25/22,05/30/22,ORD,
HARRAH'S LAKE TAHOE NV,TAH,05/26/22,05/29/22,ACV,
HARRAH'S LAKE TAHOE NV,TAH,05/26/22,05/31/22,TPA,
HARRAH'S LAKE TAHOE NV,TAH,05/27/22,05/30/22,BFL,
HARRAH'S LAKE TAHOE NV,TAH,05/28/22,06/02/22,BHM,
HARRAH'S LAKE TAHOE NV,TAH,06/01/22,06/06/22,BWI,
HARRAH'S LAKE TAHOE NV,TAH,06/01/22,06/06/22,MCI,
HARRAH'S LAKE TAHOE NV,TAH,06/02/22,06/07/22,ATL,
HARRAH'S LAKE TAHOE NV,TAH,06/02/22,06/07/22,CLE,
HARRAH'S LAKE TAHOE NV,TAH,06/02/22,06/07/22,IND,
HARRAH'S LAKE TAHOE NV,TAH,06/02/22,06/07/02,EWR,
HARRAH'S LAKE TAHOE NV,TAH,06/02/22,06/07/22,MCO,
HARRAH'S LAKE TAHOE NV,TAH,06/02/22,06/07/22,RDU,
HARRAH'S LAKE TAHOE NV,TAH,06/03/22,06/07/22,AUS,
HARRAH'S LAKE TAHOE NV,TAH,06/03/22,06/07/22,DFW,
HARRAH'S LAKE TAHOE NV,TAH,06/03/22,06/06/22,DEN,
HARRAH'S LAKE TAHOE NV,TAH,06/03/22,06/07/22,IAH,
HARRAH'S LAKE TAHOE NV,TAH,06/03/22,06/05/22,PHX,
HARRAH'S LAKE TAHOE NV,TAH,06/05/22,06/10/22,JFK,
HARRAH'S LAKE TAHOE NV,TAH,06/06/22,06/11/55,CLT,
HARRAH'S LAKE TAHOE NV,TAH,06/08/22,06/13/22,BOS,
HARRAH'S LAKE TAHOE NV,TAH,06/09/22,06/14/22,BHM,
HARRAH'S LAKE TAHOE NV,TAH,06/09/22,06/14/22,ORD,
HARRAH'S LAKE TAHOE NV,TAH,06/09/22,06/14/22,MSY,
HARRAH'S LAKE TAHOE NV,TAH,06/09/22,06/14/22,PHL,
HARRAH'S LAKE TAHOE NV,TAH,06/09/22,06/14/22,TPA,
HARRAH'S LAKE TAHOE NV,TAH,06/10/22,06/14/22,SAT,
HARRAH'S LAKE TAHOE NV,TAH,06/12/22,06/17/22,ATL,
HARRAH'S LAKE TAHOE NV,TAH,06/13/22,06/18/22,ORD,
HARRAH'S LAKE TAHOE NV,TAH,06/14/22,06/19/22,EWR,
HARRAH'S LAKE TAHOE NV,TAH,06/15/22,06/20/22,BUF,
HARRAH'S LAKE TAHOE NV,TAH,06/15/22,06/20/22,DTW,
HARRAH'S LAKE TAHOE NV,TAH,06/15/22,06/20/22,STL,
HARRAH'S LAKE TAHOE NV,TAH,06/16/22,06/21/22,MCI,
HARRAH'S LAKE TAHOE NV,TAH,06/16/22,06/21/22,BNA,
HARRAH'S LAKE TAHOE NV,TAH,06/16/22,06/20/22,OKC,
HARRAH'S LAKE TAHOE NV,TAH,06/16/22,06/21/22,PIT,
HARRAH'S LAKE TAHOE NV,TAH,06/17/22,06/21/22,IAH,
HARRAH'S LAKE TAHOE NV,TAH,06/17/22,06/22/22,SDF,
HARRAH'S LAKE TAHOE NV,TAH,06/17/22,06/19/22,PHX,
HARRAH'S LAKE TAHOE NV,TAH,06/18/22,06/23/22,JFK,
HARRAH'S LAKE TAHOE NV,TAH,06/21/22,06/23/22,SEA,
HARRAH'S LAKE TAHOE NV,TAH,06/22/22,06/27/22,BWI,
HARRAH'S LAKE TAHOE NV,TAH,06/22/22,06/27/22,CLT,
HARRAH'S LAKE TAHOE NV,TAH,06/23/22,06/28/22,ATL,
HARRAH'S LAKE TAHOE NV,TAH,06/23/22,06/28/22,ORD,
HARRAH'S LAKE TAHOE NV,TAH,06/23/22,06/28/22,EWR,
HARRAH'S LAKE TAHOE NV,TAH,06/24/22,06/28/22,DFW,
HARRAH'S LAKE TAHOE NV,TAH,06/24/22,06/27/22,DEN,
HARRAH'S LAKE TAHOE NV,TAH,06/24/22,06/28/22,ELP,
HARRAH'S LAKE TAHOE NV,TAH,06/24/22,06/26/22,LAS,
HARRAH'S LAKE TAHOE NV,TAH,06/24/22,06/26/22,LAX,
HARRAH'S LAKE TAHOE NV,TAH,06/24/22,06/26/22,SJC,
HARRAH'S LAKE TAHOE NV,TAH,06/24/22,06/26/22,OAK,
HARRAH'S LAKE TAHOE NV,TAH,06/24/22,06/28/22,OMA,
HARRAH'S LAKE TAHOE NV,TAH,06/24/22,06/26/22,SAN,
HARRAH'S LAKE TAHOE NV,TAH,06/25/22,06/29/22,IAH,
HARRAH'S LAKE TAHOE NV,TAH,5/18/2022,5/22/2022,DSM,
HARRAH'S LAKE TAHOE NV,TAH,5/18/2022,5/22/2022,FSD,
HARRAH'S LAKE TAHOE NV,TAH,6/4/2022,6/8/2022,CMH,
HARRAH'S LAKE TAHOE NV,TAH,6/7/2022,6/11/2022,GRB,
HARRAH'S LAKE TAHOE NV,TAH,06/088/22,6/12/2022,IND,
HARRAH'S LAKE TAHOE NV,TAH,6/11/2022,6/15/2022,GRR,
HARRAH'S LAKE TAHOE NV,TAH,6/11/2022,6/15/2022,GRI,
HARRAH'S LAKE TAHOE NV,TAH,6/12/2022,6/16/2022,MKE,
HARRAH'S LAKE TAHOE NV,TAH,6/15/2022,6/19/2022,MSP,
HARRAH'S LAKE TAHOE NV,TAH,6/18/2022,6/22/2022,DFW,
HARRAH'S LAKE TAHOE NV,TAH,6/20/2022,6/24/2022,MCI,
HARRAH'S LAKE TAHOE NV,TAH,6/23/2022,6/27/2022,MBS,
HARRAH'S LAKE TAHOE NV,TAH,6/23/2022,6/27/2022,DEN,
HARRAH'S LAKE TAHOE NV,TAH,7/14/2022,7/18/2022,MDW,
HARRAH'S LAKE TAHOE NV,TAH,7/18/2022,7/22/2022,MKE,
HARRAH'S LAKE TAHOE NV,TAH,7/20/2022,7/24/2022,DFW,
HARRAH'S LAKE TAHOE NV,TAH,7/23/2022,7/27/2022,DTW,
SILVER LEGACY RENO NV,TRW,05/19/22,05/22/22,ACV,
SILVER LEGACY RENO NV,TRW,05/20/22,05/23/22,BFL,
SILVER LEGACY RENO NV,TRW,05/20/22,05/24/22,DFW,
SILVER LEGACY RENO NV,TRW,05/20/22,05/24/22,IAH,
SILVER LEGACY RENO NV,TRW,05/20/22,05/24/22,OMA,
SILVER LEGACY RENO NV,TRW,05/22/22,05/26/22,AUS,
SILVER LEGACY RENO NV,TRW,05/22/22,05/26/22,ACV,
SILVER LEGACY RENO NV,TRW,05/22/22,05/27/22,JFK,
SILVER LEGACY RENO NV,TRW,05/23/22,05/27/22,BFL,
SILVER LEGACY RENO NV,TRW,05/25/22,05/30/22,BUF,
SILVER LEGACY RENO NV,TRW,05/25/22,05/30/22,ORD,
SILVER LEGACY RENO NV,TRW,05/26/22,05/29/22,ACV,
SILVER LEGACY RENO NV,TRW,05/26/22,05/31/22,TPA,
SILVER LEGACY RENO NV,TRW,05/27/22,05/30/22,BFL,
SILVER LEGACY RENO NV,TRW,05/28/22,06/02/22,BHM,
SILVER LEGACY RENO NV,TRW,06/01/22,06/06/22,BWI,
SILVER LEGACY RENO NV,TRW,06/01/22,06/06/22,MCI,
SILVER LEGACY RENO NV,TRW,06/02/22,06/07/22,ATL,
SILVER LEGACY RENO NV,TRW,06/02/22,06/07/22,CLE,
SILVER LEGACY RENO NV,TRW,06/02/22,06/07/22,IND,
SILVER LEGACY RENO NV,TRW,06/02/22,06/07/02,EWR,
SILVER LEGACY RENO NV,TRW,06/02/22,06/07/22,MCO,
SILVER LEGACY RENO NV,TRW,06/02/22,06/07/22,RDU,
SILVER LEGACY RENO NV,TRW,06/03/22,06/07/22,AUS,
SILVER LEGACY RENO NV,TRW,06/03/22,06/07/22,DFW,
SILVER LEGACY RENO NV,TRW,06/03/22,06/06/22,DEN,
SILVER LEGACY RENO NV,TRW,06/03/22,06/07/22,IAH,
SILVER LEGACY RENO NV,TRW,06/03/22,06/05/22,PHX,
SILVER LEGACY RENO NV,TRW,06/05/22,06/10/22,JFK,
SILVER LEGACY RENO NV,TRW,06/06/22,06/11/55,CLT,
SILVER LEGACY RENO NV,TRW,06/08/22,06/13/22,BOS,
SILVER LEGACY RENO NV,TRW,06/09/22,06/14/22,BHM,
SILVER LEGACY RENO NV,TRW,06/09/22,06/14/22,ORD,
SILVER LEGACY RENO NV,TRW,06/09/22,06/14/22,MSY,
SILVER LEGACY RENO NV,TRW,06/09/22,06/14/22,PHL,
SILVER LEGACY RENO NV,TRW,06/09/22,06/14/22,TPA,
SILVER LEGACY RENO NV,TRW,06/10/22,06/14/22,SAT,
SILVER LEGACY RENO NV,TRW,06/12/22,06/17/22,ATL,
SILVER LEGACY RENO NV,TRW,06/13/22,06/18/22,ORD,
SILVER LEGACY RENO NV,TRW,06/14/22,06/19/22,EWR,
SILVER LEGACY RENO NV,TRW,06/15/22,06/20/22,BUF,
SILVER LEGACY RENO NV,TRW,06/15/22,06/20/22,DTW,
SILVER LEGACY RENO NV,TRW,06/15/22,06/20/22,STL,
SILVER LEGACY RENO NV,TRW,06/16/22,06/21/22,MCI,
SILVER LEGACY RENO NV,TRW,06/16/22,06/21/22,BNA,
SILVER LEGACY RENO NV,TRW,06/16/22,06/20/22,OKC,
SILVER LEGACY RENO NV,TRW,06/16/22,06/21/22,PIT,
SILVER LEGACY RENO NV,TRW,06/17/22,06/21/22,IAH,
SILVER LEGACY RENO NV,TRW,06/17/22,06/22/22,SDF,
SILVER LEGACY RENO NV,TRW,06/17/22,06/19/22,PHX,
SILVER LEGACY RENO NV,TRW,06/18/22,06/23/22,JFK,
SILVER LEGACY RENO NV,TRW,06/21/22,06/23/22,SEA,
SILVER LEGACY RENO NV,TRW,06/22/22,06/27/22,BWI,
SILVER LEGACY RENO NV,TRW,06/22/22,06/27/22,CLT,
SILVER LEGACY RENO NV,TRW,06/23/22,06/28/22,ATL,
SILVER LEGACY RENO NV,TRW,06/23/22,06/28/22,ORD,
SILVER LEGACY RENO NV,TRW,06/23/22,06/28/22,EWR,
SILVER LEGACY RENO NV,TRW,06/24/22,06/28/22,DFW,
SILVER LEGACY RENO NV,TRW,06/24/22,06/27/22,DEN,
SILVER LEGACY RENO NV,TRW,06/24/22,06/28/22,ELP,
SILVER LEGACY RENO NV,TRW,06/24/22,06/26/22,LAS,
SILVER LEGACY RENO NV,TRW,06/24/22,06/26/22,LAX,
SILVER LEGACY RENO NV,TRW,06/24/22,06/26/22,SJC,
SILVER LEGACY RENO NV,TRW,06/24/22,06/26/22,OAK,
SILVER LEGACY RENO NV,TRW,06/24/22,06/28/22,OMA,
SILVER LEGACY RENO NV,TRW,06/24/22,06/26/22,SAN,
SILVER LEGACY RENO NV,TRW,06/25/22,06/29/22,IAH,
SILVER LEGACY RENO NV,TRW,5/18/2022,5/22/2022,DSM,
SILVER LEGACY RENO NV,TRW,5/18/2022,5/22/2022,FSD,
SILVER LEGACY RENO NV,TRW,6/4/2022,6/8/2022,CMH,
SILVER LEGACY RENO NV,TRW,6/7/2022,6/11/2022,GRB,
SILVER LEGACY RENO NV,TRW,06/088/22,6/12/2022,IND,
SILVER LEGACY RENO NV,TRW,6/11/2022,6/15/2022,GRR,
SILVER LEGACY RENO NV,TRW,6/11/2022,6/15/2022,GRI,
SILVER LEGACY RENO NV,TRW,6/12/2022,6/16/2022,MKE,
SILVER LEGACY RENO NV,TRW,6/15/2022,6/19/2022,MSP,
SILVER LEGACY RENO NV,TRW,6/18/2022,6/22/2022,DFW,
SILVER LEGACY RENO NV,TRW,6/20/2022,6/24/2022,MCI,
SILVER LEGACY RENO NV,TRW,6/23/2022,6/27/2022,MBS,
SILVER LEGACY RENO NV,TRW,6/23/2022,6/27/2022,DEN,
SILVER LEGACY RENO NV,TRW,7/14/2022,7/18/2022,MDW,
SILVER LEGACY RENO NV,TRW,7/18/2022,7/22/2022,MKE,
SILVER LEGACY RENO NV,TRW,7/20/2022,7/24/2022,DFW,
SILVER LEGACY RENO NV,TRW,7/23/2022,7/27/2022,DTW,
HORSESHOE TUNICA MS,UTU,6/8/2022,6/11/2022,CHA,
HORSESHOE TUNICA MS,UTU,7/6/2022,7/9/2022,SAT,
